solo_Wins,solo_DamagePg,solo_HealsPg,solo_KillsPg,solo_WinRatio
3,255.36,1.94,2.59,17.65
6,393.04,1.82,3.61,18.18
0,329.76,1.0,3.6,0.0
4,751.95,1.0,7.0,50.0
2,637.48,2.0,7.0,33.33
5,411.95,1.38,3.94,31.25
12,284.57,1.94,2.24,8.45
5,238.4,1.53,2.0,26.32
6,339.44,1.52,3.18,13.64
2,372.38,1.12,3.12,25.0
7,325.38,1.38,2.93,6.03
4,144.5,1.21,1.18,1.19
9,436.99,1.92,4.0,10.34
4,290.98,1.58,2.46,5.56
3,327.68,1.65,3.13,13.04
1,370.65,0.67,3.33,33.33
38,319.88,1.68,2.58,23.03
12,460.9,1.66,4.12,18.46
6,422.42,1.25,4.12,37.5
2,285.22,1.04,2.38,4.44
7,381.97,2.67,3.71,12.73
4,260.27,1.18,2.31,8.89
3,348.39,1.89,3.44,33.33
2,337.68,1.0,3.07,14.29
48,419.71,1.6,3.74,17.33
63,460.02,1.75,3.94,23.77
4,232.01,0.94,2.01,5.19
3,254.07,1.9,2.25,5.77
3,218.11,1.57,1.89,5.36
2,241.88,1.27,2.09,9.09
2,341.3,2.23,2.92,15.38
2,280.21,1.35,2.58,7.69
44,292.18,2.67,2.5,16.24
4,384.65,1.8,3.57,11.43
4,487.82,1.36,5.09,36.36
3,364.32,0.72,3.35,5.56
8,507.62,1.1,4.71,16.33
5,196.16,1.34,1.76,3.85
2,382.89,1.9,3.76,9.52
3,284.64,1.51,2.43,8.57
49,403.4,1.98,3.56,18.15
4,494.12,2.38,5.38,50.0
2,282.04,0.62,2.75,25.0
4,223.8,1.6,1.94,7.69
6,413.29,2.42,3.53,16.67
5,243.2,1.74,2.14,3.76
8,340.98,1.17,3.08,13.33
2,429.0,0.88,4.12,25.0
3,329.73,0.76,2.81,14.29
3,253.69,0.97,2.1,9.68
43,252.84,2.64,2.11,13.87
4,334.28,1.08,2.92,10.26
8,337.31,1.39,3.02,13.56
42,205.95,1.36,1.77,11.86
2,319.89,1.47,2.79,10.53
1,154.26,0.45,1.36,9.09
14,283.98,1.86,2.45,13.46
2,370.76,0.67,3.33,66.67
32,321.47,1.31,2.73,22.86
1,580.45,4.0,5.0,50.0
53,205.53,1.86,1.67,9.45
3,438.95,3.13,4.0,20.0
2,347.25,1.23,3.46,15.38
3,305.68,1.13,2.81,9.68
7,276.95,1.47,2.29,8.43
2,292.79,1.72,2.94,5.56
50,289.25,4.16,2.61,19.31
0,669.04,2.25,5.75,0.0
6,225.51,1.91,2.03,9.09
2,783.81,2.5,7.5,33.33
14,328.12,1.51,2.8,9.79
1,326.37,1.75,2.85,5.0
1,334.77,1.15,3.0,3.85
2,454.21,2.33,4.56,22.22
7,460.75,2.33,4.12,13.73
1,247.48,1.22,1.95,2.44
24,254.69,2.9,2.22,9.96
3,181.03,2.96,1.56,5.56
9,365.33,1.49,3.49,19.15
2,195.64,1.27,1.7,3.17
52,211.89,1.94,1.85,18.18
1,350.79,0.5,3.25,25.0
3,454.43,1.75,3.94,18.75
0,0.0,0.0,0.0,0.0
6,238.69,1.75,2.15,9.84
7,221.35,1.57,2.03,7.69
4,173.78,0.93,1.44,1.92
4,457.8,1.9,4.9,40.0
27,116.21,2.04,1.01,8.28
2,323.5,1.67,3.0,11.11
3,343.86,1.88,3.0,12.0
1,155.08,0.5,1.32,4.55
15,373.33,1.32,3.44,12.71
47,227.63,1.19,1.96,14.33
74,316.32,1.62,2.78,17.33
3,467.94,0.55,4.36,27.27
19,328.47,1.55,2.75,9.84
0,0.0,0.0,0.0,0.0
2,276.31,1.17,2.58,16.67
0,619.2,1.0,5.0,0.0
2,221.8,0.85,1.9,5.0
12,558.76,1.09,5.24,35.29
36,416.21,1.42,3.58,9.73
4,362.29,1.7,3.23,7.14
0,349.21,1.91,3.24,0.0
3,150.92,1.32,1.24,1.34
0,305.04,2.5,2.9,0.0
2,485.4,1.67,4.67,33.33
4,396.07,2.29,3.93,28.57
5,225.24,1.31,1.93,9.26
3,258.5,0.56,2.11,16.67
0,478.54,3.17,4.83,0.0
21,363.68,1.85,3.23,12.43
2,181.78,1.57,1.73,2.41
7,218.79,1.93,1.75,4.55
1,388.91,0.0,3.5,50.0
3,282.59,2.25,2.6,15.0
7,432.78,0.93,3.79,25.0
5,321.67,1.82,2.87,12.82
5,281.3,1.32,2.6,10.0
7,296.35,1.52,2.56,28.0
31,309.14,1.78,2.6,6.7
27,435.07,1.46,3.95,8.63
0,402.73,2.5,3.5,0.0
4,300.99,1.6,2.55,20.0
37,209.82,1.81,1.77,8.75
2,230.89,1.34,1.93,1.85
0,328.8,1.65,2.9,0.0
45,324.66,2.02,2.66,11.54
4,189.54,1.46,1.58,3.81
6,253.41,1.85,2.22,6.32
2,337.76,0.2,3.4,40.0
37,239.59,6.74,2.09,18.5
3,236.06,1.45,2.09,27.27
5,340.38,1.3,3.02,11.63
2,1028.75,1.5,8.5,100.0
3,315.7,1.08,2.77,3.45
2,270.94,1.45,2.12,6.06
4,225.13,1.0,1.93,9.09
2,341.46,1.2,3.25,10.0
3,330.03,1.14,2.95,13.64
5,254.5,2.44,2.14,8.47
5,272.26,2.66,2.3,9.43
15,325.29,0.8,2.69,25.42
1,197.0,2.72,1.65,1.75
20,246.89,1.33,2.06,12.27
74,396.46,1.22,3.83,28.14
2,108.81,0.58,0.87,1.27
3,264.7,1.31,2.24,3.09
1,230.86,0.57,2.07,7.14
23,411.48,1.86,3.56,20.72
32,297.38,2.01,2.49,11.81
0,434.0,1.17,4.17,0.0
7,229.23,1.32,1.75,8.64
36,287.57,1.69,2.47,9.6
42,235.57,1.21,2.03,5.83
28,645.22,1.43,5.94,23.93
36,215.23,1.56,1.9,8.43
10,205.19,1.6,1.57,7.63
3,264.41,0.85,2.27,9.09
2,293.08,1.21,2.61,6.06
1,380.3,0.33,3.67,33.33
102,298.95,1.98,2.52,24.11
14,223.66,1.98,1.89,10.45
5,269.7,1.15,2.2,12.5
4,372.86,0.89,3.04,14.29
0,360.45,0.33,3.08,0.0
9,131.77,1.14,1.14,3.25
4,259.97,2.45,2.47,8.16
33,150.38,1.75,1.27,10.15
0,62.28,0.0,0.6,0.0
8,364.15,1.18,3.36,28.57
0,356.05,2.0,3.17,0.0
42,163.82,1.65,1.36,8.28
5,320.97,1.94,2.77,9.62
2,293.43,0.83,2.78,11.11
5,383.79,1.36,3.55,11.9
37,291.72,2.04,2.6,23.27
26,296.31,1.77,2.58,11.26
3,271.86,1.32,2.5,7.5
2,244.4,1.25,2.1,5.0
4,348.32,2.0,2.96,16.0
27,409.73,2.17,3.61,12.92
7,224.7,1.71,1.79,4.79
6,289.09,1.8,2.47,12.24
4,344.31,1.31,3.26,6.15
9,645.57,1.81,5.9,29.03
3,260.18,1.23,2.19,6.25
1,417.66,1.33,4.33,33.33
1,235.12,3.22,2.22,2.5
5,271.46,0.78,2.47,11.11
1,507.52,0.0,5.0,50.0
14,270.74,1.96,2.29,18.18
7,374.65,1.16,3.22,9.21
40,419.64,1.72,3.67,18.35
25,197.18,1.66,1.7,5.91
6,246.97,2.62,2.14,6.19
6,165.77,1.32,1.27,2.14
3,281.0,1.28,2.48,10.34
8,296.08,1.41,2.5,10.53
7,220.61,2.85,2.0,17.07
10,311.41,1.81,2.59,11.76
57,248.6,1.96,2.16,7.73
3,183.33,1.33,1.44,4.76
1,326.05,1.0,3.2,10.0
5,203.16,1.63,1.72,7.04
2,228.24,1.81,1.91,2.33
4,381.89,1.33,3.26,6.9
4,178.64,1.83,1.27,7.69
7,488.25,1.74,4.41,25.93
3,382.34,1.48,3.38,10.34
5,248.22,1.98,2.13,2.12
16,208.13,1.21,1.75,9.25
1,286.21,1.68,2.59,4.55
3,253.23,1.76,2.16,3.33
5,246.79,1.3,2.12,8.77
3,207.51,1.84,1.71,2.7
6,648.63,0.67,6.5,100.0
1,381.64,2.0,3.2,20.0
6,366.55,1.48,3.24,13.04
6,124.32,1.19,1.05,2.62
3,220.86,1.46,1.69,5.77
8,350.5,1.61,3.09,9.41
8,708.5,2.69,6.19,50.0
4,356.95,2.14,3.29,28.57
3,138.9,1.55,1.05,5.17
69,340.72,3.92,2.76,11.09
4,223.15,1.41,1.9,6.35
2,250.65,1.23,2.0,6.67
16,209.35,2.93,1.71,4.1
2,303.51,1.5,2.9,10.0
2,245.77,0.79,2.34,6.9
5,204.56,1.27,1.76,7.94
19,265.81,1.78,2.12,11.18
3,180.67,4.07,1.55,10.34
5,361.47,2.64,3.31,7.14
5,139.81,1.61,1.09,1.12
15,394.85,1.52,3.5,9.93
0,204.36,1.08,1.92,0.0
1,283.84,2.62,2.62,3.45
12,145.09,3.55,1.27,3.87
2,276.32,2.97,2.31,6.9
10,304.34,1.57,2.41,27.03
7,536.55,1.23,4.9,22.58
0,32.35,0.0,0.0,0.0
7,183.79,1.34,1.57,3.65
3,197.93,1.09,1.64,2.0
0,312.79,0.67,3.0,0.0
2,204.33,1.79,1.62,5.88
3,213.52,1.44,1.83,5.08
0,322.43,3.0,2.4,0.0
1,454.09,0.8,4.0,20.0
4,217.59,3.26,1.98,9.3
11,175.83,2.07,1.46,5.26
2,369.62,1.73,3.37,6.67
5,298.78,1.3,2.6,12.5
1,232.96,1.73,2.09,4.55
30,348.42,1.68,3.19,15.96
14,344.08,1.93,2.99,11.67
1,424.98,2.2,3.4,10.0
22,221.09,1.54,1.77,10.38
0,199.2,1.47,1.79,0.0
1,357.44,1.29,3.17,4.17
11,275.28,2.94,2.36,7.01
17,322.45,0.92,2.73,5.61
0,367.61,0.0,2.0,0.0
1,334.71,1.5,3.0,50.0
19,153.44,1.57,1.32,14.96
0,221.9,2.38,1.85,0.0
4,500.03,1.77,4.69,30.77
20,226.81,1.41,1.87,6.02
1,224.17,1.59,2.15,1.41
0,281.3,1.68,2.68,0.0
23,312.61,6.84,2.8,22.77
18,326.02,2.63,2.82,7.32
8,150.28,1.46,1.24,5.93
5,242.43,1.77,2.17,7.69
1,596.91,3.0,6.0,33.33
15,292.58,1.57,2.67,13.04
7,270.68,1.65,2.35,16.28
4,352.86,2.7,3.08,6.35
37,186.03,5.53,1.5,9.34
18,222.53,1.26,1.87,6.77
13,207.69,1.58,1.64,3.26
0,264.59,1.44,2.0,0.0
5,308.04,1.21,2.67,8.2
3,196.16,0.9,1.7,3.57
37,397.86,3.05,3.35,29.13
4,227.32,1.67,1.82,8.16
23,425.55,1.81,3.74,7.8
2,483.0,1.43,4.74,8.7
3,257.83,1.21,2.29,10.71
0,332.38,3.0,2.67,0.0
8,560.47,1.37,5.29,21.05
4,263.77,1.99,2.23,5.06
16,136.25,1.84,1.12,5.23
2,169.62,1.11,1.42,2.2
1,434.14,3.0,4.0,100.0
2,162.28,1.41,1.48,3.57
0,167.38,0.0,1.0,0.0
2,288.83,1.24,2.68,2.7
1,222.79,2.43,1.89,3.57
3,322.18,2.0,2.91,13.04
4,374.05,4.52,3.62,19.05
0,364.54,0.67,3.0,0.0
1,235.81,1.19,2.03,2.78
5,174.52,1.28,1.52,6.33
55,214.76,12.15,1.77,10.54
32,214.57,1.8,1.69,6.77
9,588.52,0.77,5.21,16.98
2,191.55,1.07,1.57,7.14
3,458.31,2.05,4.35,15.0
0,141.07,0.71,1.07,0.0
30,253.65,1.58,2.24,11.28
17,205.48,2.45,1.78,9.88
1,242.17,1.63,2.17,1.05
5,283.47,1.26,2.39,3.76
14,359.32,1.94,2.91,12.84
22,225.58,1.45,1.86,6.98
2,289.24,2.33,2.83,33.33
13,448.43,2.05,3.86,20.63
21,130.99,2.45,1.05,5.51
10,249.2,1.54,2.3,18.52
31,354.28,3.67,3.05,11.07
31,278.3,1.34,2.43,8.27
16,150.38,1.64,1.2,4.0
1,855.52,0.5,8.0,50.0
1,173.67,1.35,1.57,1.45
1,494.27,0.0,4.5,50.0
1,217.19,1.84,1.76,1.49
1,250.74,0.83,1.83,16.67
4,246.52,1.01,2.2,5.8
1,315.06,1.29,2.84,3.23
4,301.9,1.95,2.9,19.05
12,202.88,1.73,1.56,7.32
36,333.89,1.3,2.73,9.23
12,387.09,3.23,3.6,16.44
0,0.0,0.0,0.0,0.0
1,276.32,0.5,2.33,16.67
0,89.09,0.0,1.0,0.0
52,249.04,5.71,2.26,20.88
2,374.21,0.82,3.32,9.09
9,174.09,1.04,1.4,5.52
7,277.44,1.55,2.41,6.31
1,402.87,1.0,3.88,12.5
8,346.48,1.13,3.09,6.9
4,187.12,1.12,1.66,2.2
0,112.2,0.95,0.97,0.0
12,288.9,1.89,2.28,8.33
1,312.6,1.14,2.86,7.14
2,222.42,1.57,1.86,2.9
5,269.24,1.25,2.13,8.33
0,0.0,0.0,0.0,0.0
13,145.59,1.56,1.15,2.08
1,249.34,0.4,2.2,20.0
6,216.04,1.22,1.86,9.52
35,323.18,4.68,2.77,16.67
10,513.46,2.07,4.87,14.93
3,230.17,1.61,1.87,3.57
1,385.18,1.29,3.43,14.29
33,324.81,1.62,2.66,16.58
21,365.62,2.27,3.22,26.58
44,465.16,1.76,4.12,17.89
4,252.63,1.27,2.18,12.12
25,243.78,1.08,2.19,17.36
26,213.84,2.38,1.77,7.62
17,291.38,2.12,2.55,7.08
2,259.85,3.24,2.52,8.0
0,459.32,0.5,4.5,0.0
1,415.89,2.17,4.08,8.33
11,443.0,4.89,4.18,19.3
2,374.28,2.56,3.78,22.22
5,308.56,2.33,2.69,12.82
2,273.44,1.09,2.44,6.25
4,182.42,1.47,1.47,4.82
3,237.8,1.06,2.02,3.57
19,142.43,5.0,1.15,5.69
10,203.73,1.57,1.61,5.78
7,109.26,1.71,0.89,3.08
1,546.69,2.14,5.29,14.29
2,140.45,1.5,1.22,11.11
5,444.21,1.09,3.86,22.73
6,331.43,1.36,2.93,21.43
17,214.86,1.27,1.92,11.89
0,137.98,1.0,1.18,0.0
19,147.34,2.85,1.27,7.63
15,277.58,1.97,2.2,9.38
17,486.39,0.88,4.48,28.33
4,195.6,1.88,1.67,3.17
44,235.11,10.01,2.17,14.52
5,326.58,1.71,3.1,8.47
5,298.18,1.61,2.3,10.87
2,498.16,1.2,4.8,40.0
60,314.93,10.37,2.58,20.2
0,307.88,1.83,2.65,0.0
1,148.01,2.7,1.4,5.0
9,144.14,1.69,1.11,5.56
2,299.07,1.1,2.71,2.13
3,230.98,1.14,1.87,2.78
5,259.6,1.76,2.13,4.59
22,178.29,2.37,1.34,9.36
16,236.08,1.12,1.94,8.6
1,93.8,0.67,0.75,0.65
0,447.39,2.67,3.67,0.0
1,389.08,0.33,3.33,33.33
0,130.05,0.0,1.0,0.0
63,326.15,2.56,2.76,15.59
3,738.55,1.92,7.25,25.0
2,225.72,0.58,2.11,10.53
4,282.16,1.4,2.6,16.0
4,178.91,1.49,1.29,4.44
4,230.24,1.61,2.02,3.42
1,211.33,1.22,1.8,1.16
5,253.26,2.83,2.25,6.94
36,318.95,1.77,2.64,18.37
4,181.07,1.6,1.52,4.04
0,98.24,0.55,0.73,0.0
2,441.2,2.5,4.5,50.0
5,242.68,1.38,2.1,3.12
3,515.74,1.81,4.56,18.75
2,229.12,1.12,2.12,2.17
0,156.15,0.85,1.31,0.0
0,487.11,1.2,4.2,0.0
10,538.74,1.21,4.83,41.67
6,245.84,1.15,2.05,5.45
6,286.56,1.38,2.25,8.82
0,178.54,0.6,1.8,0.0
9,253.65,1.45,1.95,10.59
7,479.1,3.65,4.49,16.28
14,411.05,1.96,3.77,6.73
82,358.48,3.08,3.27,14.49
1,205.79,1.51,1.67,1.39
14,223.45,2.76,1.89,9.21
0,184.14,1.17,1.59,0.0
0,938.0,3.0,9.0,0.0
12,139.32,2.7,1.11,4.71
20,236.98,2.11,1.94,8.1
2,124.05,1.28,1.05,1.94
2,222.33,0.64,2.18,18.18
5,233.75,1.06,2.06,15.62
2,307.19,1.32,3.21,10.53
1,370.34,2.28,3.17,5.56
37,380.43,2.39,3.15,22.98
16,189.4,1.37,1.51,5.19
9,218.21,1.33,1.8,10.0
3,313.22,1.41,2.63,3.09
1,387.38,1.56,3.33,11.11
6,198.84,1.47,1.82,10.0
10,89.49,1.6,0.67,1.57
1,256.89,1.0,2.67,16.67
3,140.55,1.74,1.3,4.55
5,144.57,1.28,1.22,3.27
1,251.0,0.8,2.12,2.04
64,207.2,1.89,1.74,15.8
1,232.05,1.45,2.18,9.09
0,461.92,2.0,5.0,0.0
1,247.29,2.04,2.04,3.85
1,528.7,2.0,4.5,50.0
1,223.28,1.81,1.86,4.76
12,176.84,1.65,1.42,12.12
1,260.19,1.19,2.19,3.85
15,315.65,1.4,2.68,8.43
0,292.73,1.29,2.86,0.0
2,243.15,1.8,2.2,4.44
1,475.68,1.36,4.36,7.14
3,207.54,1.43,1.76,14.29
7,229.87,2.15,1.93,2.4
10,282.8,0.94,2.51,8.4
1,458.0,1.5,4.5,50.0
3,280.8,1.41,2.57,6.82
2,179.67,1.26,1.53,2.78
2,565.55,1.25,5.67,16.67
48,360.05,1.47,3.21,7.11
3,296.93,3.25,2.5,25.0
13,286.23,1.32,2.3,11.4
1,499.26,2.33,5.33,33.33
0,60.23,0.2,0.6,0.0
6,241.6,1.18,2.07,4.17
8,326.49,1.06,3.09,15.09
5,318.74,2.11,2.93,18.52
2,328.09,1.34,2.69,5.71
4,210.73,1.63,1.73,9.76
3,236.71,2.27,2.16,5.88
1,270.58,1.33,2.27,6.67
2,318.77,1.59,3.04,7.41
1,308.36,2.28,2.97,3.45
6,321.8,1.43,2.72,7.59
2,461.08,1.91,5.0,18.18
2,463.27,1.71,4.05,9.52
0,224.02,1.38,2.25,0.0
2,365.8,2.0,3.42,8.33
4,278.91,1.37,2.49,5.88
1,233.96,0.75,1.88,12.5
1,130.12,0.89,1.05,0.67
6,424.92,2.56,3.87,15.38
1,239.61,0.97,2.0,3.33
0,119.68,1.59,0.9,0.0
6,429.35,1.61,3.76,15.79
1,564.9,1.0,5.0,100.0
3,391.89,2.56,3.88,18.75
4,167.84,1.48,1.51,5.8
10,361.59,1.83,3.34,28.57
12,506.75,2.26,4.38,28.57
17,158.72,2.11,1.31,2.86
13,303.96,3.38,2.48,13.4
30,169.58,1.47,1.43,5.39
0,371.3,0.33,4.0,0.0
57,301.19,1.78,2.67,17.38
1,220.75,1.0,1.9,4.76
53,351.12,2.85,2.85,13.32
3,413.38,1.0,4.18,27.27
2,192.49,0.88,1.88,8.33
0,625.24,1.0,6.0,0.0
2,225.59,0.74,2.15,5.88
4,293.16,1.07,2.41,14.81
3,227.5,0.68,1.86,10.71
26,269.36,2.49,2.24,11.98
3,269.94,1.1,2.25,6.25
5,323.21,1.95,2.78,9.09
10,276.16,1.3,2.59,11.36
2,189.33,0.88,1.36,1.22
4,356.95,1.83,2.93,13.79
6,200.4,1.32,1.59,3.92
44,437.17,2.2,4.06,18.64
3,318.63,1.27,3.13,10.0
9,305.35,1.93,2.72,15.52
1,389.84,1.61,3.44,5.56
1,215.45,0.82,1.83,1.32
1,836.83,1.83,7.33,16.67
1,388.02,1.2,3.8,20.0
4,424.56,1.54,4.0,15.38
1,222.36,2.11,2.0,2.78
24,151.81,2.05,1.29,5.12
15,225.64,1.46,1.85,7.73
0,360.67,4.1,2.6,0.0
16,249.19,1.15,2.08,7.51
40,254.31,2.7,2.06,10.9
2,256.16,0.91,2.32,9.09
3,269.7,1.44,2.53,8.82
31,167.31,1.49,1.41,6.78
2,96.99,0.91,0.71,1.55
1,661.31,1.0,6.5,50.0
0,151.74,0.0,1.0,0.0
6,288.39,1.23,2.41,7.59
11,148.48,1.88,1.2,5.45
29,408.39,2.47,3.6,27.1
3,281.22,1.79,2.38,3.37
1,488.26,3.0,4.0,50.0
1,569.66,3.0,4.5,50.0
2,139.85,1.32,1.19,1.1
3,227.83,2.2,2.0,3.06
7,179.14,1.28,1.57,7.14
7,322.82,1.88,2.82,5.07
2,352.91,0.5,4.0,50.0
17,369.56,2.01,3.36,11.64
23,187.27,1.19,1.53,9.5
9,276.98,2.58,2.54,9.38
5,355.44,1.77,3.16,5.26
9,423.87,3.53,4.11,47.37
1,442.75,0.86,4.0,14.29
1,631.47,3.0,6.2,20.0
5,197.09,1.08,1.61,2.84
14,204.5,1.85,1.69,8.7
1,257.68,0.8,2.3,5.0
1,298.23,1.05,2.9,4.76
18,430.55,1.59,3.83,12.41
2,217.18,1.02,1.91,4.44
16,308.28,1.23,2.52,10.96
6,189.47,1.18,1.45,7.69
5,237.14,1.17,2.12,6.1
6,356.18,1.89,3.14,17.14
2,220.82,4.0,2.0,40.0
15,230.19,1.44,1.94,9.32
2,270.84,1.53,2.34,2.86
2,207.51,1.0,1.9,3.33
1,209.06,2.26,1.69,1.3
1,142.73,1.37,1.08,0.81
3,262.28,1.35,2.2,6.12
1,324.5,1.5,3.5,50.0
6,398.81,1.86,3.64,7.14
14,125.3,1.59,0.97,1.54
1,226.1,1.77,1.81,3.23
3,223.08,1.19,2.0,18.75
16,217.04,1.9,1.76,7.02
0,77.14,0.0,0.8,0.0
4,146.95,1.36,1.25,3.74
7,365.15,1.45,3.3,5.04
1,165.17,1.59,1.25,0.64
9,153.14,2.61,1.25,5.92
4,282.48,2.18,2.14,7.02
15,172.47,1.33,1.3,3.41
6,262.13,2.65,2.28,10.53
99,287.22,1.82,2.42,11.79
4,176.31,1.02,1.44,4.26
2,272.55,1.32,2.36,9.09
4,433.42,1.0,4.33,22.22
10,155.29,2.45,1.22,2.26
11,236.29,1.31,2.08,8.4
9,221.27,1.07,1.87,5.36
0,277.48,1.42,2.5,0.0
2,351.7,3.24,3.24,11.76
2,651.83,1.67,7.0,33.33
1,408.8,3.0,4.33,33.33
13,231.97,1.58,2.02,9.56
7,177.81,1.51,1.5,2.85
5,215.44,0.86,1.88,6.49
0,41.98,0.0,0.33,0.0
1,145.34,0.75,1.22,1.56
39,318.77,1.76,2.84,15.66
11,308.34,3.17,2.81,14.29
3,368.07,1.38,3.62,23.08
25,358.0,4.33,3.0,17.73
6,506.9,1.44,5.17,33.33
34,423.91,1.79,3.59,14.91
17,194.52,2.04,1.62,6.69
14,228.77,2.17,1.99,6.8
0,225.81,1.17,1.71,0.0
6,205.63,1.44,1.7,6.19
2,282.47,0.39,2.33,11.11
4,261.0,3.1,2.33,9.52
0,16.78,0.0,0.14,0.0
3,324.55,1.49,2.81,5.66
6,685.72,1.36,6.09,54.55
7,501.32,1.35,4.55,35.0
1,313.92,0.5,3.0,25.0
19,418.75,1.56,3.69,19.39
4,139.85,1.04,1.12,8.0
6,181.33,1.11,1.43,4.26
5,759.94,0.25,7.31,31.25
20,307.18,1.54,2.72,7.38
18,353.89,2.48,3.08,24.0
0,50.0,0.0,0.67,0.0
16,506.27,1.0,4.33,24.24
3,353.79,1.24,3.15,8.82
9,259.36,1.36,2.24,7.09
24,231.33,2.85,1.86,7.64
2,161.13,0.88,1.35,2.56
6,500.17,1.72,4.92,24.0
5,105.24,0.25,0.97,1.78
1,406.77,0.25,4.0,25.0
3,224.1,1.26,1.97,9.68
7,149.48,6.14,1.26,3.91
3,853.17,1.94,8.35,17.65
1,213.62,1.35,1.77,3.85
1,142.41,1.23,1.19,2.08
0,140.02,0.62,1.0,0.0
11,145.77,2.13,1.17,1.18
6,329.0,1.75,3.0,8.96
2,341.52,1.17,2.83,33.33
22,323.0,1.72,2.89,19.3
16,295.43,0.92,2.82,22.54
8,187.41,1.01,1.65,5.48
43,454.82,1.79,3.9,12.99
0,429.14,0.0,5.0,0.0
2,110.07,1.08,0.88,0.63
29,187.22,6.41,1.6,7.34
3,192.71,2.79,1.66,10.34
0,360.01,2.0,3.0,0.0
4,206.88,2.52,1.73,12.12
2,116.03,1.3,0.93,1.46
4,200.28,1.05,1.66,3.03
41,424.81,1.57,3.82,16.47
106,334.88,2.96,2.84,15.92
3,216.05,2.35,1.94,6.12
17,380.48,1.99,3.42,15.89
7,224.7,2.25,2.02,8.24
0,266.55,1.5,2.5,0.0
15,388.79,1.8,3.39,32.61
7,157.12,2.83,1.28,2.57
2,324.74,2.07,3.21,14.29
2,280.44,2.32,2.68,10.53
23,225.92,2.42,1.9,4.91
0,224.11,2.06,1.81,0.0
1,1131.58,1.5,11.0,50.0
3,121.28,1.38,0.98,1.33
5,783.26,3.45,7.0,45.45
4,387.12,1.08,3.92,33.33
5,229.39,0.93,2.03,8.47
3,490.39,2.36,4.71,10.71
4,289.31,2.72,2.67,8.7
8,159.21,1.48,1.35,3.9
1,219.33,1.23,1.79,0.86
1,841.32,6.0,10.0,100.0
2,164.35,2.58,1.31,0.97
0,255.31,1.0,2.0,0.0
1,295.43,1.78,2.57,4.35
3,221.98,1.23,1.79,4.29
1,209.59,1.12,1.88,2.44
7,185.87,1.66,1.38,5.47
1,793.95,1.0,8.5,50.0
57,237.61,3.39,2.08,16.52
3,241.78,1.38,2.01,4.17
3,526.12,1.17,5.5,50.0
21,225.89,1.53,1.92,10.77
1,126.97,1.5,1.17,16.67
8,211.81,1.31,1.67,4.62
12,113.45,0.94,0.88,3.11
2,385.6,1.9,3.8,20.0
6,649.65,2.35,5.83,26.09
16,325.29,1.86,2.78,7.66
2,234.75,1.11,1.92,2.38
5,151.35,1.41,1.12,3.7
4,197.08,1.1,1.88,10.0
7,252.5,1.32,2.16,15.91
9,189.09,1.57,1.56,3.78
5,435.18,1.1,4.25,7.46
49,416.94,1.94,3.66,12.31
3,250.51,1.45,2.3,9.09
5,166.23,1.32,1.34,8.93
4,655.46,1.87,6.27,26.67
3,228.09,1.1,1.89,4.84
2,215.25,1.83,1.97,6.9
8,376.33,2.88,3.17,13.56
4,374.39,1.06,3.39,22.22
9,382.26,1.62,3.68,7.69
2,180.3,2.46,1.58,1.77
1,115.78,1.06,0.92,1.61
12,111.95,3.89,0.91,2.32
4,406.35,2.29,3.86,28.57
19,285.5,1.84,2.32,6.96
1,398.64,0.56,3.67,11.11
7,279.77,1.73,2.38,6.36
0,185.59,0.78,1.57,0.0
5,246.84,1.0,2.44,27.78
5,195.73,1.81,1.66,3.88
0,346.83,0.0,3.0,0.0
19,243.3,7.88,1.98,17.43
10,465.68,1.85,4.2,21.74
4,163.34,1.23,1.27,2.48
4,300.5,1.22,2.87,17.39
37,408.46,3.12,3.45,22.7
5,151.51,1.46,1.27,5.56
4,140.04,1.75,1.27,7.84
3,509.06,2.2,4.6,30.0
0,222.39,1.0,2.0,0.0
1,154.9,1.24,1.31,0.44
22,195.61,1.19,1.74,9.48
0,280.24,2.5,2.83,0.0
4,81.51,1.52,0.62,1.01
3,263.78,1.52,2.28,3.23
11,231.79,1.45,2.06,4.85
11,308.17,2.34,2.77,10.09
6,313.18,1.4,2.6,7.5
1,204.44,0.61,1.78,2.04
2,404.2,2.2,3.8,40.0
1,260.88,1.71,2.59,5.88
13,304.04,1.26,2.56,13.54
1,185.45,1.13,1.52,1.22
5,336.03,1.73,3.14,22.73
0,161.75,1.28,1.35,0.0
42,365.3,2.01,3.16,17.07
1,285.68,2.75,3.0,25.0
48,523.26,1.49,4.8,36.64
3,150.01,1.58,1.2,1.96
10,229.48,1.88,1.93,7.87
10,265.76,1.77,2.35,8.13
1,246.81,1.86,2.25,3.57
1,770.24,4.0,8.5,50.0
1,359.83,0.6,3.8,20.0
2,283.47,1.61,2.55,6.06
1,220.07,1.36,1.98,2.22
32,352.22,1.56,3.07,9.7
7,398.63,2.12,3.47,41.18
3,369.5,1.0,3.33,33.33
1,255.52,1.05,2.34,2.27
2,303.66,1.7,2.78,7.41
0,0.0,0.0,0.0,0.0
0,216.14,0.85,1.92,0.0
8,149.93,1.65,1.15,2.91
1,254.99,1.73,2.53,6.67
0,153.65,1.15,1.3,0.0
16,253.58,1.23,2.03,5.93
2,125.55,1.4,0.89,0.65
0,399.26,1.45,3.84,0.0
0,347.08,1.24,3.18,0.0
2,248.64,1.5,2.12,12.5
0,315.9,0.2,3.0,0.0
22,230.13,2.97,2.06,6.38
2,136.84,1.09,1.18,3.64
15,175.72,1.47,1.38,2.0
1,160.22,0.75,1.5,25.0
6,172.02,1.1,1.37,6.52
3,267.92,1.22,2.33,6.52
22,225.66,1.8,1.91,5.96
2,223.61,1.41,1.78,2.9
3,154.67,0.92,1.18,2.11
9,156.96,1.0,1.12,3.98
42,153.89,3.75,1.31,7.07
3,182.71,1.47,1.45,2.05
8,668.68,0.36,6.59,36.36
8,140.61,1.32,1.11,3.32
2,318.65,1.97,2.31,6.25
4,161.77,2.91,1.49,4.17
2,233.22,1.1,2.0,10.0
5,158.68,1.03,1.22,2.54
3,237.9,1.41,1.94,3.66
4,152.29,1.62,1.3,2.84
3,203.55,0.93,1.73,7.32
5,111.07,1.26,0.8,1.61
13,206.48,1.92,1.76,1.52
11,214.1,1.53,1.81,5.7
2,256.59,1.68,2.35,5.41
16,244.87,2.96,2.16,10.26
1,210.53,0.88,1.92,1.52
0,445.0,1.0,4.0,0.0
4,276.05,0.98,2.57,8.51
3,389.57,1.11,3.56,33.33
3,232.75,1.31,1.94,6.25
1,291.65,5.33,2.0,33.33
0,227.52,2.13,1.74,0.0
6,231.73,1.58,1.92,2.8
2,286.54,2.27,2.4,2.56
2,319.02,1.0,3.67,66.67
0,155.55,0.89,1.25,0.0
29,345.36,1.61,2.86,10.98
55,372.33,5.45,3.14,16.52
22,236.72,1.94,2.05,8.37
3,250.44,1.58,2.27,11.54
1,344.95,1.56,3.0,11.11
13,178.84,1.77,1.53,13.0
13,155.04,1.05,1.25,3.87
46,314.57,3.19,2.66,15.65
62,392.86,2.49,3.34,17.13
8,246.23,2.17,2.15,4.76
3,224.5,2.05,2.08,7.89
6,145.57,1.99,1.18,5.66
1,194.67,1.64,1.47,1.69
10,285.03,1.87,2.64,12.82
2,224.01,2.63,2.03,6.67
6,115.51,1.0,0.9,1.1
10,278.84,1.52,2.58,14.93
4,332.76,1.35,3.0,23.53
2,150.65,1.88,1.25,2.35
4,400.92,1.67,4.2,26.67
5,243.01,1.66,2.03,5.43
0,333.42,1.0,3.0,0.0
0,8.11,0.0,0.0,0.0
4,117.17,3.38,0.98,3.81
20,292.71,2.27,2.46,7.55
3,180.01,2.61,1.56,5.08
5,533.1,1.42,5.34,13.16
6,224.33,1.57,2.07,8.57
37,266.1,2.19,2.3,12.17
65,295.02,4.44,2.6,20.38
11,154.93,5.17,1.2,5.95
2,241.6,1.36,2.07,4.44
0,137.98,0.0,1.67,0.0
1,170.87,1.07,1.46,1.69
27,319.7,1.7,2.87,6.59
2,308.11,0.95,2.81,9.52
2,131.09,1.55,1.29,6.45
1,315.46,1.27,3.0,3.85
3,179.74,2.41,1.42,3.09
12,232.77,1.93,1.95,5.94
1,495.6,1.25,4.75,12.5
9,272.73,2.11,2.35,5.42
48,401.47,7.82,3.71,27.43
5,116.04,1.36,0.91,2.39
5,210.58,0.89,1.69,11.11
5,230.73,0.97,1.94,7.25
3,283.13,1.08,2.48,6.25
1,312.78,1.16,2.72,4.0
3,1067.27,1.25,10.75,75.0
4,182.07,1.02,1.56,3.1
0,306.0,1.6,2.88,0.0
1,505.09,1.0,5.0,50.0
3,575.97,2.33,5.38,14.29
1,265.86,1.17,2.0,16.67
0,184.87,2.19,1.65,0.0
2,378.08,1.39,3.39,8.7
12,234.66,4.1,1.98,20.0
8,227.17,1.75,1.81,5.23
3,262.52,1.1,2.23,4.92
1,261.56,1.29,2.06,2.94
7,442.58,1.71,3.75,10.77
2,239.85,1.73,2.23,6.67
1,229.14,1.75,2.01,0.98
0,131.24,1.25,1.5,0.0
4,147.24,1.32,1.06,2.12
5,121.06,1.7,0.94,1.71
0,250.0,0.0,2.5,0.0
1,81.39,2.91,0.56,0.21
2,467.91,4.25,4.5,25.0
1,212.75,1.88,1.76,5.88
0,226.63,1.79,1.94,0.0
8,278.03,1.59,2.34,8.08
2,238.67,1.27,2.02,4.55
0,201.43,1.0,1.78,0.0
13,235.97,1.43,2.03,4.19
16,145.94,2.06,1.16,3.31
2,267.83,2.08,2.42,5.26
4,146.88,1.43,1.09,3.96
1,214.49,1.43,1.79,2.38
5,327.36,1.96,2.75,17.86
5,327.78,2.21,3.1,12.82
10,89.35,6.1,0.64,1.8
1,360.24,1.17,3.26,4.35
2,184.67,0.63,1.65,2.44
14,327.87,1.78,2.85,11.67
2,151.1,0.85,1.2,10.0
28,225.61,1.97,1.84,4.17
7,344.19,2.18,3.26,17.95
10,190.5,1.32,1.53,3.89
1,286.39,0.56,2.81,6.25
1,197.69,1.17,1.7,1.3
1,136.41,1.12,1.12,3.85
0,209.58,0.93,1.8,0.0
7,197.88,1.47,1.69,5.74
0,188.59,1.15,1.51,0.0
23,193.68,2.58,1.63,8.95
0,338.35,0.0,2.0,0.0
6,352.64,1.1,3.24,7.5
15,220.67,1.39,1.82,7.69
2,217.8,0.78,1.83,3.7
1,192.02,2.33,1.67,33.33
5,101.17,1.15,0.8,2.6
0,164.89,1.69,1.31,0.0
10,254.68,2.47,2.17,8.62
2,200.06,1.67,1.67,7.41
12,309.65,2.38,2.75,16.44
1,271.79,1.27,2.41,4.55
3,180.28,1.7,1.48,7.5
4,531.37,2.56,5.22,22.22
2,879.29,6.0,8.5,100.0
17,215.84,1.44,1.71,4.28
11,255.05,1.4,2.21,12.09
3,335.39,1.48,3.04,13.04
1,185.71,1.56,1.45,1.16
5,360.42,1.53,3.43,16.67
0,629.85,1.0,3.0,0.0
5,209.79,1.01,1.66,4.95
7,290.43,1.85,2.59,8.97
3,272.85,1.62,2.24,10.34
8,246.58,1.1,2.0,11.59
4,237.13,1.45,2.08,6.15
1,204.11,1.21,1.82,0.81
12,1070.62,0.69,10.83,33.33
10,250.04,1.44,2.04,9.43
4,175.79,0.66,1.47,12.5
1,321.35,1.4,3.0,10.0
1,194.24,7.4,2.4,20.0
1,466.28,2.91,4.36,9.09
5,376.68,1.75,3.51,9.8
0,310.29,1.71,2.93,0.0
20,160.44,2.82,1.41,8.7
22,384.93,3.15,3.36,25.58
7,158.51,1.4,1.21,2.64
0,165.92,2.11,1.42,0.0
1,149.03,1.39,1.09,0.62
15,154.98,2.45,1.19,5.03
2,242.69,2.71,2.24,11.76
2,233.26,1.25,2.19,12.5
5,355.36,1.8,3.28,8.33
3,200.03,1.69,1.54,3.7
10,325.52,1.52,2.81,12.66
0,546.62,8.0,5.0,0.0
3,174.79,1.96,1.6,3.85
12,265.87,1.97,2.46,6.74
21,524.3,2.98,4.39,20.59
27,195.93,2.23,1.68,5.42
0,557.34,2.25,4.75,0.0
7,201.61,1.92,1.62,8.75
2,201.58,1.52,1.5,1.89
7,167.82,1.83,1.38,7.37
2,427.15,1.22,4.11,22.22
3,352.2,2.26,3.22,13.04
4,249.53,1.04,2.39,7.41
2,326.37,1.91,2.91,8.7
28,346.91,1.83,3.03,9.24
2,249.89,2.54,2.0,2.82
8,342.16,2.41,2.83,11.27
5,290.91,0.92,2.47,9.8
7,156.5,0.95,1.19,3.14
7,139.97,1.3,1.16,1.3
37,286.87,4.63,2.46,12.21
4,209.41,1.99,1.8,3.03
14,436.34,1.88,4.12,16.28
1,122.36,1.16,1.11,1.32
8,228.68,2.73,1.93,11.27
0,112.25,0.5,0.96,0.0
0,253.06,0.0,2.0,0.0
19,263.37,3.64,2.15,9.5
8,268.26,1.62,2.35,5.56
1,150.9,1.47,1.36,2.22
6,130.38,2.83,1.06,2.24
13,190.36,1.36,1.59,7.18
3,372.57,0.53,3.6,20.0
5,158.87,1.37,1.32,2.87
1,261.89,0.33,2.67,33.33
1,326.92,0.6,3.2,20.0
6,227.03,1.79,1.77,6.32
6,109.68,1.02,0.92,3.51
6,454.75,1.74,4.03,10.34
0,100.0,1.0,1.0,0.0
1,565.79,2.33,7.0,33.33
17,166.63,1.72,1.29,3.12
1,251.26,0.89,2.24,1.52
22,288.54,3.7,2.58,12.09
3,1190.35,1.0,12.0,100.0
2,289.6,0.43,2.79,14.29
18,235.46,1.19,2.09,12.59
1,210.91,0.88,1.85,3.03
3,274.22,1.28,2.33,16.67
2,285.44,2.12,2.41,11.76
3,243.2,1.04,2.16,3.19
2,307.73,1.35,2.55,10.0
1,156.74,1.94,1.26,1.16
5,135.32,2.15,1.14,5.81
1,342.39,3.64,3.14,7.14
1,228.83,1.56,2.09,2.94
2,193.64,0.93,1.66,3.39
9,149.47,2.6,1.11,2.04
3,219.94,2.18,1.95,13.64
19,398.8,2.08,3.68,6.93
1,191.69,1.55,1.79,3.45
9,193.18,1.68,1.6,3.78
0,198.01,1.09,1.62,0.0
4,378.46,1.25,3.8,20.0
0,250.89,3.67,2.0,0.0
8,136.03,1.9,1.14,2.67
9,165.45,2.09,1.33,1.96
18,340.57,2.59,2.89,10.53
1,303.58,2.57,2.48,4.76
4,148.03,2.01,1.18,2.52
61,353.15,2.2,3.03,21.25
0,214.35,0.67,1.67,0.0
5,270.71,1.97,2.25,8.33
3,460.04,1.26,4.11,8.57
17,388.47,2.01,3.52,9.94
5,137.54,1.4,1.09,5.81
1,273.02,2.19,2.15,3.85
6,137.55,0.96,1.06,4.17
3,395.31,1.0,3.29,21.43
13,120.73,3.32,0.96,4.55
5,534.05,1.78,4.74,21.74
12,425.08,2.42,3.72,13.64
5,176.34,1.37,1.51,1.98
3,223.98,1.9,2.15,7.5
1,253.74,1.29,2.41,5.88
3,569.23,2.38,5.25,37.5
1,222.98,1.75,1.83,4.17
5,178.0,0.96,1.53,3.6
0,311.34,1.67,2.33,0.0
1,174.14,1.49,1.4,1.04
3,361.69,1.96,3.29,12.5
0,153.18,1.31,1.29,0.0
4,173.98,1.98,1.58,3.96
9,258.35,1.43,2.1,10.11
6,232.46,1.19,1.98,6.19
3,193.63,1.95,1.55,2.7
3,214.51,0.85,1.96,6.25
3,321.69,1.56,2.88,12.0
0,850.6,2.0,8.0,0.0
3,213.28,2.09,1.93,5.45
61,296.69,1.98,2.67,11.94
4,165.64,2.02,1.32,1.91
2,246.2,1.95,2.3,5.0
2,240.47,2.12,2.04,3.57
0,233.02,2.07,2.14,0.0
0,162.75,1.87,1.35,0.0
1,136.76,1.26,1.04,3.7
2,505.76,1.33,4.11,22.22
2,287.81,1.44,2.64,8.0
17,209.41,1.83,1.86,10.76
2,112.79,1.21,0.95,0.38
7,239.1,1.73,2.1,9.09
6,262.58,1.42,2.3,12.0
0,249.61,1.82,2.12,0.0
8,248.32,1.67,2.1,4.04
1,184.87,1.29,1.65,2.94
35,482.48,1.29,4.63,31.82
12,199.3,1.95,1.65,5.94
2,219.94,1.68,1.75,3.51
9,314.05,1.81,2.86,12.5
6,194.3,1.68,1.68,6.59
6,296.06,1.24,2.66,20.69
14,242.32,3.32,1.97,8.48
2,132.76,0.99,1.06,2.82
29,500.47,2.2,4.23,16.96
11,280.94,2.04,2.36,6.18
32,436.27,2.02,3.63,24.43
7,243.93,1.46,2.11,10.77
4,243.37,1.44,1.95,9.3
2,216.06,1.46,1.8,4.0
2,177.7,0.86,1.46,1.39
0,119.76,1.18,0.95,0.0
1,203.9,0.92,2.0,8.33
13,237.45,1.18,1.92,6.5
1,114.8,1.48,0.99,0.68
1,144.68,0.55,1.19,1.33
16,410.43,2.03,3.74,15.69
1,205.44,1.5,1.85,2.94
0,317.14,0.8,2.2,0.0
1,684.14,0.67,6.33,33.33
1,279.19,1.62,2.35,3.85
1,176.5,2.02,1.53,1.67
0,91.06,1.29,0.75,0.0
3,190.03,1.33,1.89,16.67
2,188.91,0.0,1.75,50.0
2,285.51,1.91,2.91,9.09
22,339.17,1.98,2.82,12.02
1,737.99,1.33,6.67,16.67
4,398.23,1.59,3.65,23.53
18,159.43,1.29,1.26,7.56
7,211.19,3.25,1.76,8.05
6,260.15,1.18,2.47,11.76
21,218.06,2.12,1.93,13.04
45,322.73,1.9,2.82,12.26
12,342.43,1.26,2.94,10.53
0,451.78,0.5,4.0,0.0
2,184.6,2.35,1.53,4.08
0,0.0,0.0,0.0,0.0
1,349.29,2.17,3.33,5.56
0,269.98,1.2,2.4,0.0
9,514.92,2.1,4.3,30.0
3,98.39,1.03,0.8,2.0
8,202.76,1.24,1.91,14.55
11,189.17,1.71,1.47,6.36
8,261.44,1.15,2.31,2.95
5,258.52,1.4,2.22,3.52
12,221.97,1.83,1.83,3.35
1,305.36,0.58,2.92,8.33
18,291.75,1.57,2.38,13.95
17,136.61,1.79,1.07,5.65
6,280.86,1.79,2.55,5.08
10,220.52,2.24,1.84,6.58
4,293.61,7.65,2.85,11.76
3,133.82,4.11,1.07,0.76
0,168.48,1.04,1.44,0.0
10,178.39,1.35,1.39,4.93
2,343.09,1.53,3.21,10.53
2,254.59,1.71,2.46,5.71
0,0.0,0.0,0.0,0.0
2,487.35,1.33,4.33,16.67
7,275.84,3.2,2.33,12.96
3,1056.26,0.0,11.0,60.0
9,213.39,1.21,1.8,9.89
2,160.82,1.45,1.38,2.82
7,243.23,1.24,1.98,7.45
8,167.97,2.5,1.19,3.77
2,270.64,1.38,2.48,9.52
1,414.36,1.75,3.88,12.5
3,402.18,2.29,3.71,42.86
8,260.33,1.31,2.43,10.81
0,104.04,1.07,0.83,0.0
18,557.08,1.78,4.81,19.78
0,149.06,1.56,1.18,0.0
8,104.8,1.03,0.85,1.87
0,220.76,0.24,2.06,0.0
3,216.07,1.65,1.91,6.52
4,257.09,0.9,2.45,20.0
2,170.04,0.7,1.45,2.9
1,290.55,1.0,2.8,20.0
3,182.22,1.87,1.46,2.52
7,105.34,3.39,0.83,2.43
2,166.98,1.47,1.37,3.51
2,334.34,1.89,3.05,10.53
3,201.64,0.72,1.72,2.8
2,166.51,1.52,1.43,8.7
2,133.83,1.82,1.3,4.0
2,204.22,1.12,1.6,3.45
10,377.97,1.38,3.28,15.62
7,202.83,1.65,1.65,3.07
0,294.83,0.0,3.0,0.0
2,141.1,1.67,1.17,1.74
1,116.56,0.84,0.98,0.48
0,232.18,1.75,2.25,0.0
1,163.72,0.8,1.31,1.54
6,466.46,1.68,4.27,14.63
1,257.9,1.61,2.44,1.52
6,129.81,0.92,1.05,2.46
4,129.92,1.18,1.03,1.82
4,139.43,1.3,1.1,2.52
1,142.17,2.25,1.16,1.56
3,258.3,1.24,2.38,14.29
3,378.35,0.79,3.42,5.77
1,197.7,0.96,1.84,1.96
8,195.4,1.59,1.57,4.73
7,185.39,1.36,1.51,5.19
3,350.16,1.44,3.26,11.11
8,244.02,1.79,2.01,5.48
0,258.4,1.9,2.6,0.0
5,320.27,1.24,2.7,10.0
6,335.19,1.28,3.28,7.41
1,141.19,2.21,1.13,1.28
4,227.42,1.63,1.78,3.88
0,149.03,2.0,1.0,0.0
18,228.26,2.93,1.92,6.92
4,365.32,1.66,3.05,6.9
6,256.39,1.63,2.2,7.23
2,382.9,0.45,3.91,18.18
3,136.76,1.65,1.06,8.82
39,367.02,2.17,3.23,12.75
1,336.8,1.14,2.86,7.14
3,412.67,1.56,3.44,33.33
2,326.57,1.11,3.0,3.12
1,269.84,1.22,2.57,4.35
7,239.36,1.4,2.11,7.07
7,150.37,1.65,1.19,3.76
9,393.94,2.12,3.61,15.79
3,359.72,0.75,3.15,5.77
2,132.7,2.31,1.02,4.76
2,766.31,3.4,8.4,40.0
4,95.56,1.48,0.8,1.9
6,209.63,2.4,1.81,5.36
22,178.04,1.4,1.47,6.49
21,496.17,1.54,4.4,18.26
6,241.46,1.88,1.98,11.76
4,173.62,1.32,1.47,3.96
2,342.8,1.92,3.03,5.41
0,176.39,1.0,1.41,0.0
3,228.07,1.89,2.08,4.76
2,341.91,2.62,3.03,6.9
0,224.93,1.29,1.76,0.0
6,334.26,1.45,3.08,3.75
1,186.79,1.46,1.42,1.75
1,120.33,1.07,0.96,0.35
1,274.75,0.12,2.88,12.5
0,132.83,1.32,1.07,0.0
5,287.35,1.96,2.54,5.38
3,187.01,2.22,1.47,6.67
6,143.07,1.25,1.14,4.96
2,163.05,1.72,1.4,2.67
5,272.02,1.46,2.22,6.25
2,199.14,1.24,1.52,6.06
16,241.91,2.41,1.86,12.12
12,202.47,1.3,1.51,2.64
2,145.75,1.6,1.31,3.45
6,189.22,1.32,1.44,1.45
2,117.14,2.27,0.96,2.82
0,164.26,0.81,1.42,0.0
0,251.79,2.21,1.79,0.0
4,201.87,1.81,1.58,4.49
5,298.86,1.09,2.71,8.62
4,237.65,0.95,2.16,5.41
8,295.71,4.36,2.5,11.43
3,171.43,1.83,1.42,8.33
58,328.79,5.63,3.02,17.79
4,127.69,1.75,1.05,3.77
2,284.3,2.11,2.56,22.22
0,150.46,0.64,1.36,0.0
4,148.91,1.43,1.23,2.13
3,200.42,1.1,1.68,4.23
8,177.84,4.93,1.24,4.97
4,144.55,1.1,1.15,0.97
5,104.02,1.18,0.8,2.33
0,120.3,0.56,0.67,0.0
16,264.05,1.78,2.3,8.7
4,340.39,1.75,2.81,5.33
36,393.06,1.93,3.49,10.4
0,91.52,0.17,0.83,0.0
1,128.39,1.43,1.15,0.76
16,459.4,2.07,4.09,13.33
4,196.7,1.22,1.67,3.7
0,103.4,0.81,0.77,0.0
8,146.44,1.3,1.25,6.56
4,354.13,0.66,3.36,8.51
1,242.97,1.87,2.13,6.67
5,145.3,1.75,1.1,2.67
4,505.5,0.67,5.5,33.33
1,187.33,1.11,1.56,11.11
2,278.92,1.97,2.59,6.9
14,232.25,2.22,2.04,3.7
1,183.69,2.3,1.41,3.7
17,336.72,1.03,2.95,22.67
14,185.41,0.95,1.47,5.49
2,366.16,2.92,3.31,15.38
1,177.71,0.86,1.39,3.57
2,236.63,1.37,2.04,7.41
5,254.51,1.41,2.05,3.79
1,341.61,1.34,3.25,3.12
1,118.84,0.76,1.0,0.64
3,265.65,1.58,2.19,3.16
1,131.67,0.86,1.13,0.94
5,204.16,0.96,1.75,10.42
0,213.5,1.55,1.86,0.0
39,285.87,2.41,2.38,14.23
16,183.14,2.15,1.36,13.68
7,211.77,1.56,1.61,4.64
6,181.36,0.83,1.61,11.11
1,131.41,1.12,1.1,0.75
0,231.45,0.83,2.08,0.0
2,217.68,2.42,1.93,3.39
44,331.35,2.14,3.02,12.15
0,133.49,1.35,1.13,0.0
4,131.0,1.11,1.11,5.41
1,185.51,2.38,1.52,1.59
25,186.71,1.69,1.59,7.23
1,223.11,3.67,2.0,33.33
2,660.94,2.89,6.11,22.22
0,289.43,1.92,2.5,0.0
7,320.09,1.67,2.78,10.45
0,157.27,1.53,1.37,0.0
9,576.8,1.09,5.21,27.27
15,571.93,2.15,5.25,17.86
7,355.1,2.2,2.95,17.07
2,125.57,1.67,1.06,0.93
2,259.3,2.33,2.26,4.65
3,106.37,2.16,0.73,2.04
22,336.4,5.59,2.95,12.79
9,246.37,1.75,2.27,10.84
1,205.9,0.9,1.77,3.23
12,324.93,2.0,2.68,5.45
10,189.62,2.86,1.54,6.13
1,156.92,0.89,1.36,2.27
1,128.97,0.72,1.14,1.39
1,251.27,1.63,2.0,3.33
5,260.27,1.92,2.19,9.62
1,123.25,1.05,1.0,5.0
3,163.64,0.78,1.33,5.88
1,214.74,1.0,2.0,25.0
1,181.75,0.92,1.65,2.7
6,228.56,3.04,2.08,4.58
31,466.34,1.6,3.99,26.5
0,0.0,0.0,0.0,0.0
1,131.11,1.0,1.02,0.42
1,321.78,0.75,3.5,25.0
16,363.19,2.0,3.11,17.78
8,177.71,1.25,1.29,3.33
1,413.55,3.5,3.5,6.25
1,150.12,1.7,1.22,1.16
1,616.11,0.5,6.0,50.0
6,230.95,0.91,2.12,7.89
1,196.62,2.3,1.87,4.35
8,124.71,1.52,1.01,2.29
4,318.81,2.58,2.74,12.9
0,333.51,1.29,2.79,0.0
2,127.05,0.78,1.12,6.25
0,173.94,1.73,1.67,0.0
2,163.88,1.49,1.44,1.5
2,163.0,1.56,1.29,1.79
20,323.4,1.68,2.79,12.2
2,219.1,1.41,1.91,3.7
4,353.65,0.29,3.57,57.14
1,164.44,1.08,1.36,0.64
6,335.15,2.1,2.95,9.52
1,212.65,0.62,1.88,6.25
0,112.5,1.01,0.91,0.0
2,229.1,1.56,1.85,7.41
4,290.99,1.59,2.66,9.09
8,273.1,1.79,2.32,8.89
4,230.68,1.27,2.01,4.17
2,529.97,0.57,4.71,28.57
2,451.09,3.45,3.64,18.18
12,329.29,1.98,3.06,13.64
6,269.62,2.4,2.22,15.0
1,197.55,1.67,1.66,1.56
26,206.79,1.09,1.76,7.39
14,335.21,2.11,2.89,22.58
1,346.81,2.5,3.5,50.0
17,242.47,2.22,2.15,14.53
2,386.62,2.38,3.69,15.38
3,479.38,1.33,4.07,20.0
1,379.04,2.12,4.0,12.5
8,268.77,1.31,2.43,11.76
2,210.04,1.15,1.77,3.03
0,118.05,1.28,1.01,0.0
1,296.08,0.62,2.88,12.5
1,276.39,2.3,2.8,10.0
27,279.32,1.61,2.37,9.85
5,204.26,1.69,1.66,2.53
2,201.78,0.82,1.59,11.76
13,358.03,1.69,3.21,15.29
16,223.59,1.47,1.99,10.74
6,155.94,1.77,1.18,4.26
15,269.26,3.05,2.33,10.2
5,172.66,1.63,1.46,2.35
3,162.68,1.56,1.27,2.22
2,204.35,0.93,1.66,3.39
2,342.44,2.0,3.31,15.38
5,336.05,1.16,3.21,13.16
2,177.87,2.23,1.52,0.89
6,161.16,0.91,1.38,2.11
1,230.84,0.97,1.89,2.63
3,234.2,1.89,1.92,8.11
2,201.99,1.52,1.63,3.85
8,283.73,1.13,2.51,5.16
6,129.97,1.18,1.05,2.74
8,153.31,1.28,1.12,3.35
1,149.39,1.88,1.18,0.85
28,238.91,0.91,2.09,14.29
1,200.22,1.08,1.69,2.78
8,150.18,1.12,1.18,5.48
3,492.34,3.27,4.47,20.0
4,232.5,1.57,2.13,5.71
11,274.53,1.3,2.34,4.98
5,288.78,1.69,2.71,14.29
3,172.95,0.95,1.51,5.08
1,696.1,1.0,5.5,50.0
1,188.31,1.24,1.53,2.63
11,308.24,1.23,2.85,10.0
24,138.46,1.32,1.1,3.96
2,220.09,1.25,1.93,2.27
1,314.02,1.08,2.8,4.0
1,303.89,0.71,2.86,14.29
18,222.42,1.67,1.94,4.84
6,285.09,1.58,2.34,12.0
1,155.71,1.99,1.28,1.15
4,101.98,2.09,0.85,2.42
6,107.34,1.21,0.79,2.05
1,250.91,0.97,2.05,1.67
3,173.11,1.1,1.47,5.0
5,379.86,1.51,3.11,7.94
26,326.59,1.86,2.84,10.4
3,162.14,2.26,1.33,1.3
1,219.9,1.49,1.98,2.13
12,251.75,1.44,2.22,7.41
1,170.29,1.78,1.49,1.11
1,187.08,5.0,3.0,100.0
2,200.35,0.92,2.08,15.38
7,279.3,1.64,2.57,12.5
5,306.45,2.25,2.84,11.36
2,324.49,1.58,2.69,7.69
4,206.13,1.43,1.83,9.52
2,265.88,0.81,2.46,2.78
1,467.62,3.1,4.0,10.0
17,338.67,2.99,3.14,23.29
0,164.6,2.01,1.28,0.0
0,200.44,0.67,2.0,0.0
1,183.58,1.62,1.46,1.64
33,217.71,2.7,1.73,7.07
0,256.79,1.0,2.5,0.0
15,584.54,1.0,5.34,28.3
19,350.23,2.17,3.12,10.67
1,228.28,2.23,1.73,1.67
18,318.91,1.99,2.84,11.69
13,273.63,1.44,2.37,13.98
3,147.72,1.72,1.23,1.86
3,207.56,1.62,1.5,5.0
1,267.27,1.18,2.59,4.55
56,182.21,1.84,1.54,8.9
6,339.8,1.11,3.03,16.22
18,148.06,1.42,1.09,6.21
4,281.4,3.27,2.82,36.36
3,197.58,1.73,1.44,3.9
7,362.14,1.98,3.35,16.28
1,157.07,1.65,1.3,1.12
8,216.67,1.3,1.88,4.94
7,159.26,2.08,1.22,4.38
3,118.78,1.75,0.91,2.19
3,241.51,0.84,2.16,3.66
3,265.71,0.67,2.33,20.0
8,326.23,1.94,2.94,14.81
15,422.89,1.45,3.6,13.04
0,237.62,1.21,2.05,0.0
6,247.82,1.29,2.1,6.12
1,171.7,0.42,1.35,3.23
5,136.6,1.58,1.08,1.59
6,119.86,2.1,0.96,5.61
2,320.2,2.67,2.83,11.11
16,190.25,1.11,1.71,8.51
1,151.81,0.93,1.26,1.32
3,361.42,2.27,3.27,27.27
0,181.14,1.27,1.41,0.0
1,143.86,2.64,1.28,4.0
4,161.21,3.34,1.32,5.41
1,252.68,2.6,3.0,20.0
3,193.59,1.18,1.83,3.26
35,288.29,2.45,2.44,10.94
4,290.58,1.5,2.5,11.11
1,149.32,0.96,1.42,4.17
1,175.57,2.1,1.15,5.0
6,220.27,1.41,1.89,3.45
3,232.33,1.29,1.83,5.17
9,404.95,1.76,3.44,14.29
1,219.36,2.03,1.88,2.94
0,170.76,1.85,1.52,0.0
2,463.55,1.33,4.5,33.33
1,167.33,1.53,1.42,1.75
0,333.38,5.0,3.0,0.0
0,327.32,1.52,3.12,0.0
3,205.05,1.89,1.66,4.62
21,261.88,1.96,2.17,11.41
1,173.74,0.91,1.46,0.41
8,207.15,1.54,1.69,3.08
19,362.59,2.01,3.11,13.67
1,170.91,1.17,1.48,0.88
8,186.62,2.15,1.59,6.9
1,101.35,0.62,0.85,2.94
1,187.99,0.28,1.82,2.5
8,228.52,2.08,1.76,4.52
1,392.94,1.25,3.75,25.0
4,140.09,0.98,1.08,2.99
1,154.54,1.2,1.22,1.08
16,220.21,1.43,1.86,5.11
7,647.89,2.56,6.22,38.89
0,148.71,1.5,1.38,0.0
2,125.67,1.52,1.07,3.7
9,201.98,2.45,1.75,3.54
5,260.02,1.18,2.09,4.0
5,126.67,1.41,1.02,2.96
13,271.45,2.17,2.3,8.61
2,191.09,1.72,1.59,2.94
2,249.41,0.75,2.25,50.0
2,99.02,1.55,0.78,0.63
2,254.94,1.7,1.94,6.06
1,222.54,1.0,1.78,3.7
3,177.51,0.66,1.57,8.57
5,433.48,1.1,4.2,12.5
3,341.77,1.69,3.06,8.33
4,263.93,3.72,2.23,10.26
4,258.22,2.57,2.27,5.97
1,149.8,1.18,1.26,1.19
20,198.56,2.39,1.67,9.43
2,172.62,1.49,1.43,1.22
2,139.36,1.2,1.24,4.44
5,166.16,2.1,1.32,4.0
6,176.35,1.84,1.42,5.61
29,292.09,1.53,2.55,15.59
8,379.87,1.99,3.27,11.27
11,255.7,0.94,2.08,11.11
3,182.66,0.85,1.53,4.17
0,237.99,0.44,2.56,0.0
20,261.15,1.71,2.23,10.31
16,296.51,1.25,2.42,6.72
2,93.4,1.06,0.68,1.8
3,472.72,2.68,4.68,15.79
4,117.71,1.29,1.02,1.63
6,159.41,1.19,1.19,1.94
1,140.1,1.27,1.12,1.35
2,256.02,1.56,2.22,1.85
16,364.62,0.59,3.48,13.22
4,284.98,4.58,2.74,21.05
4,240.93,2.74,2.08,8.0
8,265.44,1.79,2.25,7.84
2,119.88,1.63,0.9,1.15
2,111.19,0.96,0.87,1.48
2,542.88,0.75,6.0,50.0
2,145.52,1.3,1.15,1.1
18,347.12,2.08,3.13,11.76
1,113.03,1.88,0.9,2.44
19,210.92,1.66,1.69,7.85
4,210.87,0.81,1.81,5.33
0,134.11,2.15,1.31,0.0
11,207.63,0.85,1.82,3.24
1,115.47,1.58,0.94,0.25
1,208.04,1.21,1.93,7.14
1,184.43,2.0,1.49,0.78
1,147.92,1.26,1.08,0.93
1,15.59,5.8,0.1,0.2
1,140.56,1.68,0.97,1.67
3,135.44,1.5,1.16,9.38
1,342.28,2.44,3.38,6.25
1,180.25,0.88,1.51,0.87
5,145.09,1.88,1.19,4.42
2,98.66,1.92,0.74,1.27
2,227.3,1.42,1.86,2.35
1,107.38,1.48,0.78,0.4
1,358.75,2.0,3.4,10.0
1,349.99,1.63,3.16,5.26
3,186.96,1.69,1.6,3.85
0,663.12,1.0,5.0,0.0
2,505.24,2.5,5.12,25.0
5,205.32,0.81,1.77,6.33
25,281.95,2.07,2.27,9.12
5,140.17,2.0,1.14,3.45
1,205.16,0.57,2.0,14.29
4,249.46,1.59,2.22,6.9
6,260.37,0.98,1.94,12.77
14,392.02,1.48,3.4,23.33
1,338.85,0.75,3.12,12.5
0,140.0,1.39,1.16,0.0
2,118.5,1.12,0.88,3.45
1,201.41,1.92,1.68,4.0
1,161.62,1.17,1.5,16.67
14,184.51,0.98,1.47,2.72
0,0.0,1.0,0.0,0.0
1,183.35,1.5,1.67,16.67
2,333.38,1.96,2.92,8.33
8,169.41,2.08,1.35,6.15
2,132.14,1.35,0.97,1.09
0,232.44,0.83,2.11,0.0
4,230.27,1.3,1.88,5.48
1,215.59,0.79,1.91,2.94
1,129.58,1.39,0.98,0.81
3,137.78,1.39,1.01,1.96
2,488.15,4.5,4.5,33.33
9,538.69,1.58,5.35,34.62
6,287.32,2.4,2.56,10.53
2,257.04,0.96,2.25,7.14
3,237.34,2.3,2.12,4.48
2,154.24,1.0,1.36,3.77
6,266.44,1.48,2.4,12.0
9,149.46,1.47,1.19,3.26
4,158.69,1.15,1.41,4.94
9,222.2,1.74,1.67,6.38
8,324.32,3.46,2.77,15.38
0,405.65,0.7,3.7,0.0
12,184.67,1.9,1.7,11.32
2,287.25,0.89,2.37,10.53
1,468.59,1.73,4.27,9.09
0,195.42,1.14,1.7,0.0
5,208.07,1.27,1.77,8.93
20,269.98,1.6,2.18,10.47
3,282.41,1.42,2.58,25.0
0,140.29,1.4,1.25,0.0
6,481.22,1.45,4.3,6.38
0,241.11,1.64,2.0,0.0
0,119.11,1.0,1.0,0.0
18,171.44,1.36,1.44,2.75
16,530.98,1.56,4.81,25.4
0,218.94,1.21,1.88,0.0
2,257.88,1.32,2.18,9.09
17,233.86,2.1,2.03,10.18
10,272.13,1.55,2.39,7.3
27,211.36,2.56,1.69,4.62
7,348.61,4.01,2.94,10.45
3,147.71,2.62,1.54,23.08
4,120.83,1.23,0.96,1.32
2,152.21,1.25,1.28,1.85
2,113.86,0.72,0.9,0.45
2,269.52,1.67,2.0,7.41
1,301.96,1.6,2.2,20.0
5,170.94,1.62,1.39,1.19
6,236.82,1.24,2.0,6.12
5,318.32,1.62,2.72,6.17
5,115.44,1.23,0.85,3.4
3,332.65,2.64,2.96,6.67
7,135.94,0.84,1.11,2.69
1,139.88,0.73,1.3,3.03
1,145.3,0.67,1.27,2.04
3,233.49,2.0,2.25,15.0
0,66.67,0.0,0.67,0.0
0,187.93,1.04,1.59,0.0
16,238.08,1.91,1.98,5.99
2,89.7,2.17,0.69,0.79
12,199.35,1.08,1.71,5.85
19,399.93,2.09,3.34,7.88
1,154.93,1.62,1.22,1.28
21,232.25,1.61,1.9,7.14
7,103.62,0.62,1.01,9.09
18,224.54,1.88,1.98,8.78
7,201.32,1.79,1.71,5.56
2,159.76,1.38,1.25,5.0
14,645.06,0.96,6.54,29.17
0,0.0,0.0,0.0,0.0
1,256.45,2.25,2.25,25.0
0,80.69,1.02,0.62,0.0
11,367.43,1.35,3.4,11.96
3,204.44,1.99,1.68,3.53
3,332.89,3.3,2.83,13.04
5,215.4,1.62,1.6,10.64
0,186.94,1.72,1.5,0.0
0,0.0,0.0,0.0,0.0
9,206.11,1.68,1.72,7.76
6,207.21,1.48,1.8,3.73
2,213.45,1.03,1.91,5.71
4,223.2,1.47,1.86,4.35
1,363.14,0.93,2.93,3.45
8,306.05,1.23,2.71,9.76
4,97.59,1.98,0.7,1.09
1,253.35,0.74,2.0,2.63
4,144.79,1.43,1.14,4.44
6,248.13,1.62,2.21,5.17
6,137.55,1.08,1.07,2.76
4,140.26,1.68,1.2,3.85
12,394.9,4.38,3.69,25.0
11,285.08,2.55,2.28,9.65
2,275.01,2.22,2.27,3.12
1,274.92,0.57,2.0,14.29
6,175.67,1.6,1.43,3.73
3,146.0,2.14,1.2,3.75
3,109.33,1.11,0.9,1.7
3,110.33,0.83,0.91,1.03
22,284.68,1.98,2.23,18.33
4,225.95,1.36,2.1,10.26
5,159.65,1.84,1.36,6.17
1,355.28,2.09,3.18,9.09
0,147.69,1.32,1.19,0.0
1,318.1,2.72,2.67,5.56
3,296.3,1.31,2.51,8.57
0,125.86,1.11,1.03,0.0
2,132.77,7.0,1.12,25.0
1,677.08,3.0,6.5,50.0
1,264.61,1.68,2.42,2.63
2,351.7,1.44,3.22,22.22
6,57.02,1.56,0.48,7.32
1,313.03,1.94,2.75,6.25
1,191.49,1.36,1.62,2.22
3,157.73,1.84,1.33,2.04
1,368.46,2.4,3.6,20.0
0,289.01,1.94,2.59,0.0
3,162.79,1.65,1.31,2.46
1,167.29,1.6,1.43,1.11
7,252.7,1.72,2.12,5.38
29,200.56,3.53,1.65,8.71
8,189.03,1.54,1.63,3.92
5,345.85,1.85,3.04,19.23
24,191.68,1.93,1.63,1.59
2,1568.77,0.0,16.0,66.67
1,272.89,0.5,2.5,50.0
4,124.53,2.22,0.93,1.64
2,300.2,1.39,2.55,6.45
4,204.72,1.66,1.62,2.12
7,161.38,1.43,1.36,0.99
2,120.25,1.22,0.97,1.72
4,161.83,1.88,1.28,1.79
0,118.9,0.76,0.93,0.0
4,271.06,0.97,2.3,10.81
3,197.2,1.22,1.73,2.03
0,164.88,0.33,1.67,0.0
6,250.78,1.23,2.17,12.77
4,118.3,1.87,0.94,2.56
2,441.41,1.92,4.17,16.67
1,257.65,1.21,2.33,4.17
4,328.47,1.53,2.64,5.71
4,243.03,1.29,1.94,4.04
10,165.94,0.99,1.32,4.22
3,349.37,2.31,2.9,7.14
11,269.92,1.95,2.42,11.22
4,220.28,1.17,1.78,9.76
10,203.1,1.48,1.74,5.62
15,206.56,1.67,1.73,8.02
1,1099.26,7.0,8.0,100.0
2,287.01,2.82,3.0,18.18
1,182.85,0.62,1.69,6.25
9,279.35,1.86,2.43,24.32
9,209.43,1.86,1.75,8.74
0,250.92,1.0,2.0,0.0
1,187.65,2.38,1.7,2.0
3,177.67,1.59,1.54,5.08
4,111.24,1.34,0.78,1.6
6,160.51,1.45,1.25,1.49
2,383.23,2.88,3.88,25.0
1,205.65,1.51,1.6,0.83
1,266.99,0.17,2.33,16.67
2,421.58,2.0,4.0,22.22
0,242.66,2.67,2.33,0.0
1,184.24,0.79,1.51,2.13
2,145.35,1.43,1.17,8.7
0,178.17,1.56,1.51,0.0
0,227.51,0.67,1.78,0.0
2,168.83,1.17,1.4,1.5
1,143.32,1.5,1.21,1.39
0,163.86,1.69,1.38,0.0
0,137.13,0.8,0.95,0.0
1,157.14,1.06,1.27,0.79
0,294.47,1.0,2.67,0.0
2,127.69,1.21,1.03,3.17
15,182.22,5.02,1.47,17.24
2,293.25,1.25,2.62,25.0
2,394.36,2.4,3.6,40.0
10,371.02,1.52,3.37,19.23
25,335.89,1.99,2.9,7.02
8,110.91,1.18,0.85,1.72
1,275.44,0.93,2.64,7.14
9,189.39,1.28,1.7,4.27
0,0.0,0.0,0.0,0.0
7,445.3,2.04,4.27,26.92
3,283.72,0.86,2.54,8.57
2,218.34,1.18,1.83,2.27
2,216.23,1.58,1.76,3.39
9,294.05,1.33,2.69,17.31
1,137.7,1.12,1.12,0.96
14,249.41,1.56,2.09,7.61
2,585.9,2.4,6.0,40.0
8,292.76,1.93,2.41,5.84
4,183.09,1.42,1.63,1.96
25,288.79,1.81,2.43,5.87
1,210.34,1.39,1.94,2.78
10,101.85,1.49,0.83,4.55
5,100.81,0.89,0.78,1.14
7,199.03,1.84,1.57,5.98
1,314.94,0.5,3.5,50.0
10,140.98,1.65,1.13,3.22
63,364.62,1.46,3.32,5.19
1,159.49,1.08,1.24,1.2
1,351.42,1.21,3.29,4.17
4,500.86,0.62,4.75,50.0
1,216.45,1.7,1.65,1.52
5,306.51,0.87,2.64,11.11
0,207.71,2.67,2.0,0.0
0,250.32,2.0,2.0,0.0
0,124.7,1.37,0.96,0.0
6,93.36,1.41,0.74,1.4
0,294.35,1.0,2.87,0.0
7,136.59,1.72,1.14,3.47
15,183.04,2.12,1.47,3.8
8,270.62,2.47,2.47,17.78
4,202.72,2.54,1.61,4.76
6,122.88,1.87,0.96,1.78
2,157.01,1.02,1.33,0.68
2,138.88,1.63,1.13,0.8
3,238.08,0.94,2.06,17.65
8,204.66,1.87,1.69,6.56
8,335.13,2.45,2.98,10.0
0,232.51,2.27,1.98,0.0
2,128.09,1.28,0.98,0.77
8,372.47,2.29,3.26,23.53
5,299.4,1.29,2.65,16.13
0,304.51,0.33,2.67,0.0
1,193.37,2.41,1.56,1.52
3,162.38,1.57,1.27,1.75
6,172.12,1.15,1.51,3.53
3,205.95,1.88,1.82,3.12
1,122.58,0.79,1.0,0.75
1,884.13,1.0,8.0,100.0
5,284.49,1.25,2.49,9.8
0,287.82,5.0,1.0,0.0
0,135.93,1.89,1.33,0.0
3,199.75,0.91,1.65,3.66
3,199.64,3.54,1.82,5.26
0,225.41,1.33,2.33,0.0
1,212.53,1.57,1.89,1.89
15,201.1,2.22,1.72,7.98
5,283.05,1.34,2.44,10.0
6,190.81,1.26,1.48,4.26
4,153.68,1.28,1.26,3.96
25,249.66,1.7,2.09,9.8
12,261.05,1.5,2.22,13.04
44,279.07,3.9,2.37,14.43
5,179.2,1.29,1.38,4.31
6,192.65,1.28,1.66,3.33
0,245.53,0.76,2.1,0.0
0,247.72,1.62,2.06,0.0
10,106.05,1.41,0.83,5.59
8,470.6,3.11,4.19,22.22
14,271.97,1.55,2.33,7.49
2,798.03,3.17,6.67,33.33
1,221.07,1.09,1.82,9.09
2,305.51,3.33,2.67,16.67
3,220.45,1.33,2.05,14.29
7,186.01,1.53,1.56,3.24
6,153.87,1.73,1.34,4.55
2,278.95,1.0,2.6,40.0
9,142.04,0.79,1.16,3.54
7,255.8,1.43,2.25,13.21
6,215.47,3.27,1.73,7.14
2,125.56,1.0,1.15,15.38
0,132.32,1.44,1.18,0.0
2,279.57,0.93,2.87,13.33
4,299.04,1.8,2.49,8.16
1,213.42,1.81,2.07,3.7
2,273.62,1.88,2.47,11.76
0,100.84,0.0,0.75,0.0
16,290.35,2.0,2.52,5.06
0,238.0,1.33,2.33,0.0
10,156.67,1.34,1.3,1.06
1,97.53,1.26,0.78,0.65
5,265.28,1.55,2.3,7.46
13,303.61,1.14,2.84,22.81
6,202.42,0.95,1.6,5.45
0,183.05,1.56,1.6,0.0
0,177.23,1.31,1.58,0.0
2,292.63,0.62,2.56,12.5
6,186.63,1.26,1.59,2.62
0,131.88,0.36,1.07,0.0
2,185.36,1.08,1.6,4.0
0,0.0,5.0,0.0,0.0
3,203.0,2.57,1.77,1.89
7,234.54,2.08,2.0,14.0
4,164.68,1.21,1.48,6.35
21,231.83,1.54,1.92,4.01
11,274.84,1.18,2.37,6.43
5,202.76,2.32,1.68,11.36
8,202.15,2.31,1.64,3.6
1,189.64,1.0,1.61,1.35
5,173.68,2.04,1.49,3.62
0,267.28,0.8,2.5,0.0
1,235.91,4.05,1.95,2.44
7,264.1,1.42,2.53,10.94
4,710.45,3.2,7.0,80.0
5,140.77,1.09,1.17,4.42
2,104.56,1.1,0.89,1.0
3,402.25,2.5,3.83,50.0
0,203.89,1.25,1.77,0.0
4,236.91,1.08,2.08,10.81
12,113.41,8.03,1.0,7.79
2,240.17,2.06,2.18,11.76
3,136.44,1.57,0.98,1.33
4,190.8,1.43,1.73,5.33
3,146.16,1.6,1.09,1.08
1,165.74,0.62,1.5,12.5
1,398.47,4.57,3.57,14.29
3,516.88,1.25,5.75,75.0
22,323.74,2.13,2.72,11.0
29,238.56,1.4,1.98,11.98
2,225.22,0.94,1.89,4.26
2,346.39,1.29,3.29,11.76
1,142.08,1.29,1.23,0.87
2,69.58,1.18,0.48,0.74
8,236.77,1.93,2.02,8.33
4,297.73,1.63,2.76,8.7
2,462.99,2.33,4.67,66.67
5,98.5,1.89,0.79,2.49
4,131.54,1.37,1.06,2.03
7,824.52,0.87,7.2,46.67
1,161.95,1.05,1.32,1.19
13,167.54,1.44,1.43,1.8
0,162.07,1.71,1.43,0.0
4,122.07,1.16,0.98,1.96
6,304.43,1.41,2.83,14.63
5,393.26,0.96,3.61,21.74
4,162.39,1.44,1.41,4.6
14,162.8,1.52,1.29,3.15
5,239.15,1.57,2.17,7.14
1,202.82,2.25,1.62,12.5
0,146.16,1.82,1.12,0.0
1,266.24,0.75,2.33,8.33
2,216.53,1.57,2.14,28.57
5,330.26,1.93,2.98,11.9
4,237.99,1.38,1.98,7.55
3,177.84,0.92,1.48,3.57
1,344.54,2.5,3.25,25.0
1,142.8,2.36,1.27,9.09
5,272.27,1.94,2.43,14.29
9,196.33,2.05,1.61,1.75
5,257.66,1.33,2.33,11.63
5,258.14,1.55,2.06,16.13
2,195.11,1.12,1.7,3.51
2,250.98,1.23,2.62,15.38
5,328.36,4.63,3.0,26.32
0,174.96,1.5,1.0,0.0
3,152.83,0.86,1.16,2.44
2,398.41,0.33,4.0,66.67
2,221.04,2.17,1.92,3.08
3,612.15,2.43,5.71,42.86
2,223.03,1.41,1.98,3.03
2,155.24,1.28,1.24,1.89
28,253.61,2.24,2.18,9.66
0,170.01,1.08,1.46,0.0
0,129.45,0.95,1.04,0.0
13,304.85,1.8,2.66,7.78
4,476.22,2.93,4.07,28.57
9,178.41,4.28,1.39,2.16
2,149.79,1.67,1.11,0.87
5,228.48,1.44,1.86,5.68
2,266.88,1.5,2.25,25.0
2,95.5,1.23,0.67,0.5
4,251.1,1.16,2.16,8.0
4,288.17,2.1,2.54,6.78
8,249.06,1.77,1.99,11.27
8,166.97,1.87,1.42,1.87
0,262.53,0.67,2.33,0.0
9,129.99,1.13,1.07,3.69
1,93.78,1.54,0.77,0.42
5,292.99,0.84,2.76,13.51
0,109.54,0.67,1.08,0.0
3,315.0,1.3,2.94,9.09
2,186.12,2.02,1.58,2.38
4,163.56,1.61,1.41,2.76
2,472.65,1.83,4.33,33.33
3,249.25,0.62,2.15,2.97
2,384.13,2.2,3.6,40.0
8,196.42,1.55,1.69,5.23
4,312.4,1.77,2.73,13.33
24,260.19,1.89,2.11,9.64
6,109.16,1.59,0.88,1.34
4,337.51,1.7,2.99,2.76
13,180.48,1.31,1.44,2.81
7,234.13,1.44,2.07,9.86
10,472.13,1.53,3.71,16.95
3,177.47,0.97,1.52,3.26
53,204.98,2.32,1.73,14.8
3,205.04,1.05,1.82,5.26
2,119.85,0.91,0.87,0.9
36,378.12,2.09,3.22,17.14
6,116.05,1.14,0.94,0.88
0,201.69,0.92,1.72,0.0
5,305.94,1.3,2.48,9.26
3,125.27,1.96,1.11,2.14
8,270.58,2.26,2.42,14.04
6,210.0,1.65,1.74,9.09
5,162.62,1.49,1.38,2.53
2,339.68,0.5,3.17,11.11
0,180.9,1.6,1.42,0.0
7,210.99,1.06,1.77,2.14
36,290.59,1.1,2.48,19.67
0,59.57,0.56,0.56,0.0
1,172.36,0.83,1.37,0.37
3,178.32,2.23,1.51,3.23
2,258.87,1.33,2.29,3.03
1,318.66,2.0,3.5,50.0
2,163.88,2.2,1.4,10.0
4,234.33,1.35,1.98,7.41
23,501.57,2.31,4.62,19.66
3,105.36,1.98,0.75,2.17
1,317.44,0.71,3.29,14.29
6,148.03,1.09,1.27,2.04
1,271.49,1.27,2.27,3.33
4,117.79,0.99,0.92,1.19
1,220.8,1.51,1.81,1.11
22,189.89,2.15,1.57,8.59
2,127.58,1.73,0.99,2.35
7,267.9,0.91,2.41,12.96
2,183.28,1.77,1.4,5.71
1,149.78,0.5,1.17,2.17
1,232.15,1.0,2.0,25.0
4,310.89,1.93,2.73,4.49
6,437.36,2.13,3.93,7.32
1,153.45,1.99,1.29,1.33
2,208.41,0.5,2.1,20.0
1,119.97,0.88,0.95,0.38
25,281.41,1.77,2.48,8.33
30,251.34,1.24,2.09,3.18
28,419.4,1.99,3.79,28.0
2,230.36,2.0,2.09,9.09
0,252.53,2.88,2.25,0.0
5,115.78,1.46,0.91,4.5
1,153.41,1.62,1.35,2.94
2,128.89,3.15,1.03,1.98
6,155.86,1.81,1.35,2.25
1,202.16,0.94,1.59,3.12
4,124.78,1.59,0.97,2.15
2,178.61,0.72,1.64,5.56
0,175.55,1.95,1.55,0.0
2,168.65,1.65,1.3,8.7
8,265.91,1.97,2.21,6.84
1,329.66,0.78,2.89,11.11
7,394.94,0.67,3.72,8.14
2,153.38,0.92,1.27,3.92
2,171.54,1.81,1.48,2.41
7,288.16,1.32,2.52,14.0
1,193.57,0.77,1.57,1.79
12,227.19,1.76,1.97,3.83
2,377.73,1.98,3.07,4.44
1,320.72,1.38,2.62,12.5
3,391.3,1.5,3.29,21.43
3,124.57,2.07,0.99,3.12
5,223.61,1.51,1.86,4.5
0,133.03,1.12,1.06,0.0
12,309.96,1.52,2.66,14.63
1,254.53,1.92,1.86,2.7
11,187.76,1.67,1.62,8.94
1,116.01,0.65,0.99,0.25
3,113.73,1.5,0.86,1.86
5,151.29,1.69,1.23,6.49
27,295.06,2.01,2.54,9.31
1,132.92,1.38,1.12,12.5
0,169.7,1.59,1.46,0.0
3,191.1,2.08,1.66,2.97
2,166.32,1.18,1.39,1.6
2,134.41,1.36,1.05,1.43
1,110.44,1.21,0.93,1.64
5,144.09,1.39,1.19,5.62
4,233.51,5.66,1.9,9.76
3,179.94,1.26,1.43,4.62
13,173.85,1.68,1.41,2.81
2,228.84,1.62,1.85,1.45
15,140.32,1.19,1.09,4.53
1,286.03,0.0,3.0,50.0
2,152.77,1.83,1.25,1.39
17,322.4,1.72,2.93,12.23
2,240.68,2.1,1.92,5.0
2,152.17,1.6,1.33,3.45
3,277.46,1.1,2.66,7.32
2,172.19,1.38,1.41,2.15
6,174.46,1.34,1.43,1.21
1,169.26,1.8,1.32,0.9
3,131.92,1.91,0.98,3.26
2,490.26,0.62,4.85,15.38
10,277.66,1.68,2.43,8.33
7,96.48,1.52,0.72,1.05
3,130.79,1.61,1.04,1.5
0,0.0,0.0,0.0,0.0
5,258.65,1.4,2.22,7.69
2,189.08,2.2,1.67,3.7
4,153.5,1.29,1.22,2.13
1,289.05,1.21,2.86,7.14
1,104.66,1.63,0.76,0.25
6,176.0,1.77,1.41,3.82
1,117.07,1.68,0.89,1.52
1,211.46,1.19,1.68,1.3
0,257.95,1.78,2.19,0.0
1,169.13,1.65,1.56,1.19
1,341.9,0.75,3.33,8.33
7,210.1,1.56,1.88,7.69
3,185.17,1.61,1.78,4.48
11,447.33,1.6,3.95,7.14
8,491.95,1.97,4.92,21.62
5,244.6,1.6,2.0,5.75
8,291.31,2.58,2.56,16.0
0,73.67,2.4,0.4,0.0
18,171.48,1.48,1.25,4.48
0,182.83,1.56,1.56,0.0
3,241.88,1.07,2.0,6.82
10,140.59,1.65,1.23,8.47
4,314.77,1.57,2.83,6.9
7,295.63,1.93,2.48,9.33
7,216.89,1.7,1.83,4.07
1,235.03,1.56,1.8,2.0
1,613.61,0.5,7.5,50.0
2,147.38,1.71,1.2,3.92
4,285.52,4.02,2.42,8.33
2,884.4,5.0,9.5,100.0
6,363.58,1.67,3.18,8.22
0,138.64,1.33,1.33,0.0
5,420.9,2.01,3.94,6.1
0,244.85,1.0,2.22,0.0
9,432.82,1.77,3.98,20.93
3,153.57,1.18,1.27,2.11
1,145.31,0.6,1.4,20.0
0,138.06,2.18,1.2,0.0
2,229.84,1.69,2.12,3.92
27,555.75,1.25,4.7,20.77
3,203.51,1.74,1.87,13.04
1,174.18,0.79,1.43,7.14
19,314.99,1.59,2.49,8.72
5,204.03,1.24,1.61,3.82
19,370.54,1.58,3.32,10.73
1,310.37,1.53,2.64,2.13
2,244.77,1.48,2.13,6.45
1,301.82,2.09,2.75,3.12
10,177.14,1.98,1.37,2.71
3,122.8,1.13,1.0,0.93
6,107.92,1.57,0.8,2.28
6,476.95,0.45,4.65,30.0
1,467.43,1.5,6.0,50.0
6,174.9,2.5,1.32,5.13
40,332.46,1.94,2.76,9.69
1,188.75,1.88,1.7,2.33
2,226.31,1.43,1.64,2.67
0,278.19,2.15,2.15,0.0
3,505.74,0.39,4.5,16.67
30,300.24,1.68,2.51,10.53
8,238.55,1.06,2.1,3.15
1,127.35,1.22,1.02,1.56
4,214.64,1.08,1.83,3.36
9,121.14,0.82,0.98,4.55
6,255.81,1.71,2.28,5.94
5,261.8,1.16,2.3,13.51
5,215.46,1.8,1.86,7.58
17,461.9,1.55,4.11,14.41
0,226.62,1.63,2.03,0.0
1,134.61,1.61,1.12,0.73
0,126.7,0.0,1.0,0.0
3,226.0,0.85,2.1,7.69
12,217.38,3.13,1.68,8.28
1,278.17,1.19,2.38,3.85
2,101.39,1.08,0.92,3.39
1,99.01,1.06,0.87,1.49
2,163.79,0.9,1.34,1.49
1,630.69,1.5,5.33,16.67
0,428.23,1.44,4.33,0.0
4,208.4,1.11,1.73,3.81
2,342.06,1.56,3.24,8.0
10,181.92,1.81,1.44,1.87
1,178.52,3.33,1.5,16.67
7,249.61,1.8,2.2,13.73
1,961.47,0.0,9.33,33.33
2,246.43,1.72,2.33,11.11
7,286.21,2.64,2.69,15.56
46,533.49,2.2,4.9,10.22
0,111.62,1.34,0.87,0.0
2,111.1,0.91,0.87,0.99
3,175.91,1.16,1.59,3.19
3,163.92,2.96,1.58,11.54
27,204.34,1.79,1.62,4.92
10,217.01,2.21,1.8,10.53
1,702.92,2.0,7.5,50.0
4,413.51,2.35,3.35,7.41
2,196.37,1.46,1.67,1.26
5,284.37,1.5,2.61,17.86
1,277.62,0.92,2.42,8.33
5,201.29,1.16,1.65,11.63
4,113.76,1.41,0.83,1.47
2,311.51,2.78,2.67,22.22
4,175.28,1.47,1.45,6.45
8,282.89,0.88,2.35,15.38
2,113.28,0.9,0.87,0.61
1,304.68,1.62,2.62,4.76
4,193.2,1.8,1.7,5.8
6,231.69,1.17,2.04,11.32
1,154.76,1.66,1.24,1.14
3,141.99,1.03,1.13,2.29
0,4.5,0.0,0.0,0.0
1,210.19,3.38,2.06,6.25
2,110.4,0.94,0.84,0.89
3,180.67,0.85,1.56,5.45
0,525.58,1.5,4.5,0.0
12,186.98,1.52,1.47,6.09
2,284.75,0.71,2.79,14.29
5,214.92,1.62,1.74,4.5
18,246.29,1.54,1.92,9.0
3,258.71,2.46,2.31,23.08
4,218.45,2.11,1.91,7.02
1,344.69,1.25,3.75,25.0
5,190.47,1.55,1.66,10.64
5,249.37,1.98,2.04,9.62
2,133.03,1.06,1.17,1.01
13,145.03,1.62,1.14,7.07
4,189.57,2.05,1.52,2.45
1,144.14,1.23,1.28,1.67
27,396.37,2.18,3.52,13.11
0,119.84,0.57,0.71,0.0
3,213.83,1.01,1.93,4.17
3,143.65,1.28,1.12,1.41
5,192.28,1.65,1.62,3.73
2,375.7,1.06,3.61,11.11
20,200.59,2.16,1.66,5.59
2,170.96,1.48,1.33,4.76
2,162.38,1.26,1.43,1.9
0,112.17,0.93,0.96,0.0
18,224.92,1.4,1.92,3.34
1,540.02,2.33,5.67,33.33
2,260.29,1.33,2.11,5.56
6,192.91,1.82,1.52,4.62
2,142.52,2.38,1.09,4.26
4,235.76,1.17,2.02,8.7
15,170.88,1.02,1.5,12.0
2,123.66,0.71,0.99,1.47
7,291.78,8.0,2.66,11.48
3,413.44,1.35,3.9,15.0
1,95.85,1.74,0.77,0.98
5,190.19,2.88,1.6,10.42
5,138.58,1.54,1.07,0.94
2,237.14,0.44,1.78,22.22
7,175.98,1.78,1.48,5.47
8,188.81,1.46,1.62,3.51
5,144.18,1.9,1.2,2.7
4,152.58,1.65,1.14,4.04
0,209.96,2.5,2.0,0.0
16,253.19,1.48,2.04,6.9
3,492.52,1.45,4.64,13.64
1,277.22,1.3,2.43,1.89
2,208.3,1.28,1.86,6.9
8,328.09,2.0,2.7,7.34
3,245.64,2.0,2.0,10.71
4,142.48,1.63,1.08,4.21
2,261.78,2.33,2.33,13.33
3,119.65,1.17,1.06,3.57
3,245.67,1.19,2.17,5.56
7,448.46,1.48,4.3,15.91
1,170.63,1.85,1.49,0.8
5,246.22,2.23,1.92,7.81
7,133.21,1.35,1.02,0.76
0,381.16,6.4,4.2,0.0
4,643.17,2.62,6.12,50.0
1,406.29,3.0,3.5,50.0
4,257.97,1.8,2.44,16.0
3,198.67,2.73,1.63,5.88
12,148.12,1.4,1.21,5.17
2,136.57,0.59,1.13,2.41
11,143.31,2.28,1.27,7.53
2,167.16,1.92,1.45,5.26
4,161.8,1.49,1.44,3.42
2,244.09,0.87,2.26,5.26
1,114.22,1.13,0.95,0.61
2,172.71,1.42,1.39,1.83
2,151.78,1.96,1.32,3.57
1,253.21,1.56,2.12,2.44
3,111.65,1.31,0.89,0.69
0,164.88,1.33,1.67,0.0
2,243.87,1.41,2.1,2.0
0,214.8,1.56,1.75,0.0
1,232.46,1.3,2.15,5.0
3,286.94,1.17,2.39,13.04
1,179.84,0.69,1.48,1.3
0,202.22,3.49,1.8,0.0
1,357.21,2.2,3.6,20.0
0,123.48,1.67,1.06,0.0
2,247.75,0.79,2.28,6.9
5,182.47,1.55,1.72,9.43
1,280.02,0.93,2.52,3.7
2,254.87,2.11,2.34,1.56
3,215.63,1.12,1.87,3.03
4,215.98,1.88,1.86,7.14
1,455.41,1.12,4.31,6.25
3,316.83,0.85,2.9,6.25
6,149.08,0.71,1.22,3.82
19,146.44,1.4,1.14,3.44
1,298.37,1.14,2.86,14.29
7,164.73,1.13,1.4,2.67
0,105.87,1.34,0.78,0.0
4,242.82,1.29,2.35,23.53
3,141.06,1.14,1.13,2.86
4,127.75,1.63,1.0,1.47
9,303.41,2.39,2.68,11.69
19,235.09,1.25,2.02,7.88
31,204.62,1.68,1.61,5.97
2,341.04,2.25,3.0,10.0
2,139.37,1.46,1.2,0.53
2,205.57,1.82,1.71,3.64
7,358.67,1.22,3.32,11.67
1,257.87,1.08,2.77,7.69
1,146.36,1.65,1.26,0.62
0,140.09,1.17,1.17,0.0
7,98.31,1.48,0.78,1.47
2,538.85,2.31,4.92,15.38
4,249.29,1.25,2.3,10.0
4,253.88,1.7,2.36,12.12
0,200.12,1.18,1.71,0.0
0,358.5,3.0,2.33,0.0
1,193.89,0.86,1.77,1.75
2,198.57,1.64,1.57,2.3
13,166.84,2.75,1.38,3.94
4,286.72,2.46,2.44,8.33
0,215.23,3.67,1.75,0.0
0,608.05,1.0,6.0,0.0
1,257.91,1.64,2.27,9.09
18,555.71,1.51,5.21,22.5
2,176.9,1.67,1.55,6.06
2,268.48,2.73,2.47,13.33
4,182.38,1.19,1.45,1.75
9,200.78,1.05,1.73,4.05
2,382.81,1.57,3.43,28.57
3,148.13,1.0,1.18,1.83
5,161.77,2.06,1.34,5.56
3,228.22,1.25,2.17,12.5
5,207.34,1.9,1.78,8.47
4,483.19,0.79,4.68,21.05
2,354.15,1.77,3.27,6.67
20,253.1,1.21,2.25,14.08
4,312.74,1.77,2.5,15.38
2,139.91,0.77,1.08,2.0
12,144.39,3.32,1.04,3.02
0,207.21,0.0,2.0,0.0
1,184.76,3.15,1.57,2.13
15,187.35,5.51,1.54,9.93
13,273.09,1.35,2.15,14.61
2,137.34,3.04,1.04,8.7
0,179.76,0.77,1.62,0.0
1,150.43,1.93,1.25,0.68
23,378.96,2.03,3.56,10.18
2,175.45,1.6,1.37,2.67
2,206.88,1.38,1.68,3.77
44,397.49,1.71,3.52,7.69
8,192.35,2.33,1.42,1.53
1,202.39,1.32,1.62,1.89
10,327.36,1.72,2.85,5.85
1,625.28,1.86,5.86,14.29
5,196.0,1.81,1.44,3.03
8,298.58,1.46,2.43,9.88
2,334.57,1.88,3.02,4.76
6,205.53,1.34,1.71,3.68
0,352.22,1.0,3.0,0.0
6,194.98,1.55,1.51,6.38
1,316.08,3.33,2.67,33.33
4,117.04,1.74,0.92,1.49
11,293.69,2.02,2.71,5.7
7,153.86,1.05,1.26,2.08
7,122.08,6.88,1.15,6.31
0,171.53,1.47,1.46,0.0
1,189.21,1.94,1.61,1.52
2,217.62,1.73,2.0,6.67
0,129.73,1.58,1.07,0.0
0,209.0,1.0,1.0,0.0
10,161.07,2.05,1.33,4.29
16,273.54,2.19,2.31,10.67
2,395.79,1.0,4.0,25.0
4,168.75,1.77,1.36,2.47
11,404.52,1.87,3.69,8.4
1,132.51,1.38,0.99,0.61
4,241.25,1.85,2.12,5.56
4,146.32,1.33,1.12,2.16
3,112.81,0.85,0.89,2.21
2,150.73,1.46,1.3,2.86
2,455.76,1.0,4.22,22.22
42,296.56,1.54,2.49,7.02
0,159.16,1.76,1.34,0.0
1,159.36,2.45,1.3,0.58
1,119.38,1.18,0.93,0.63
11,132.37,3.07,1.1,2.74
5,194.02,3.08,1.52,2.16
5,246.33,1.75,2.11,7.94
3,222.25,1.25,2.0,8.33
1,216.88,1.52,1.88,2.5
1,135.88,1.6,1.13,3.33
6,122.75,1.44,0.93,3.8
6,203.75,1.87,1.63,4.88
3,257.11,1.37,2.23,10.0
9,214.45,1.38,1.93,4.55
18,291.25,1.43,2.5,12.24
0,152.87,1.81,1.38,0.0
0,152.15,1.11,1.2,0.0
2,256.7,1.09,2.22,4.35
5,697.2,1.1,6.4,50.0
4,110.89,0.91,0.86,0.74
4,727.92,1.14,6.43,57.14
7,223.84,2.61,1.93,12.5
2,115.84,1.35,1.0,2.7
8,160.69,5.35,1.25,7.77
8,541.27,1.66,5.0,22.86
1,454.67,4.33,3.67,33.33
5,163.36,1.11,1.4,2.53
2,180.3,1.11,1.53,1.98
3,210.14,1.42,1.83,5.77
0,124.49,1.77,0.97,0.0
5,264.94,1.37,2.27,9.8
3,364.78,2.62,3.29,3.19
2,106.69,0.94,0.83,1.15
6,154.97,1.4,1.3,4.14
1,229.29,2.15,2.21,3.03
1,340.53,2.5,3.5,16.67
1,357.68,0.0,3.5,50.0
3,141.88,1.72,1.22,2.4
16,404.67,1.54,3.64,26.23
2,135.21,1.04,1.15,7.69
4,242.72,0.76,2.17,13.79
1,285.49,3.48,2.39,3.23
4,223.02,1.07,1.98,8.89
2,279.01,3.19,2.27,5.41
4,105.45,1.74,0.76,0.65
4,178.71,1.74,1.48,2.72
6,234.84,1.62,2.02,4.8
16,178.19,1.34,1.56,9.41
1,288.48,0.86,2.57,7.14
3,217.55,2.17,1.58,7.5
0,181.08,2.5,2.5,0.0
9,251.99,0.91,2.09,5.56
4,168.11,1.5,1.51,3.77
16,332.58,2.29,2.98,12.4
2,390.54,1.21,3.64,14.29
20,328.36,1.85,2.89,3.56
6,137.5,1.09,1.08,2.87
18,195.15,1.8,1.58,6.47
3,162.97,1.11,1.31,2.19
1,514.41,5.2,4.2,20.0
1,231.05,2.07,2.05,0.91
2,195.59,1.79,1.7,2.3
1,96.51,1.21,0.8,0.89
2,192.6,0.97,1.7,3.33
0,235.28,1.92,1.92,0.0
2,249.43,1.06,2.28,5.56
2,572.28,3.89,5.56,22.22
1,204.06,1.52,1.7,0.79
0,211.36,0.0,2.5,0.0
1,176.14,0.62,1.56,2.94
1,177.77,2.32,1.26,5.26
7,129.33,0.95,1.07,2.32
0,112.8,1.29,0.94,0.0
3,113.68,0.96,0.89,2.19
11,328.76,1.26,2.8,9.91
4,596.12,1.14,6.29,57.14
1,148.12,1.77,1.16,1.23
4,655.05,3.42,5.58,33.33
0,321.18,2.41,3.0,0.0
4,366.59,2.68,3.26,12.9
39,363.15,2.74,3.1,16.32
1,217.75,1.26,1.84,2.0
1,149.15,1.19,1.18,1.27
3,230.7,1.31,2.05,1.8
3,419.55,0.5,4.5,6.52
1,112.01,0.91,0.73,9.09
4,442.26,3.0,4.5,66.67
8,240.26,2.08,2.11,12.9
1,460.75,2.08,4.31,7.69
1,275.65,1.0,2.43,14.29
7,188.11,1.88,1.59,4.58
3,200.58,1.28,1.78,2.48
0,250.07,1.56,1.93,0.0
25,248.57,2.61,2.19,9.43
5,189.52,1.2,1.52,5.49
4,129.39,1.51,0.97,0.86
2,143.55,1.83,1.22,1.45
6,78.68,0.99,0.6,2.05
4,116.98,1.01,0.96,2.19
4,237.86,1.29,2.05,6.35
3,351.34,2.13,3.26,13.04
4,262.86,1.78,2.43,7.84
0,122.46,0.25,1.0,0.0
1,124.79,0.65,0.99,1.45
3,332.91,3.71,3.21,21.43
2,236.31,2.06,1.91,3.77
10,99.38,2.03,0.8,2.0
1,156.63,1.08,1.41,2.56
0,213.25,0.67,1.67,0.0
3,140.61,2.02,1.19,5.08
3,278.33,1.08,2.84,7.89
3,142.33,2.39,1.14,1.32
1,133.96,2.27,1.33,6.67
17,365.82,5.54,3.22,11.81
3,127.27,1.26,0.94,1.2
3,150.87,1.04,1.17,2.26
1,353.99,1.89,3.22,11.11
8,317.69,2.38,2.79,15.09
7,119.54,1.31,0.85,1.51
7,188.07,1.83,1.62,7.29
10,230.09,5.57,1.86,4.5
5,139.43,1.24,1.21,3.82
2,119.0,1.23,1.02,2.04
2,253.98,0.67,2.33,22.22
0,138.61,1.5,1.33,0.0
1,214.19,0.68,2.0,5.26
4,117.69,0.78,0.85,0.89
12,174.34,0.79,1.59,5.77
1,579.88,3.0,5.5,50.0
13,95.53,1.7,0.81,7.39
8,338.36,0.95,3.04,10.13
2,138.56,1.62,1.1,6.9
8,171.4,1.11,1.46,2.47
4,222.22,1.32,1.85,5.06
1,177.92,1.47,1.51,2.22
8,257.02,1.28,2.22,13.79
0,181.27,1.25,1.62,0.0
16,198.82,6.82,1.63,9.47
0,526.24,2.0,4.0,0.0
5,142.95,1.53,1.05,3.82
0,3.43,1.0,0.0,0.0
22,339.24,1.88,2.87,14.47
5,114.0,2.94,0.94,5.88
10,201.82,1.83,1.76,3.14
1,309.24,1.67,2.78,11.11
14,246.29,2.3,2.04,13.59
1,293.31,1.42,2.71,4.17
5,102.55,1.34,0.82,1.11
4,118.86,1.13,0.89,1.84
2,419.82,1.75,3.75,50.0
2,159.29,1.53,1.42,5.56
1,254.26,2.14,2.19,2.78
7,132.95,2.06,1.11,5.19
3,315.97,1.72,2.61,6.52
9,156.85,1.52,1.25,5.39
1,159.61,1.47,1.3,0.52
1,168.72,0.86,1.43,0.57
4,295.84,1.73,2.5,4.35
0,258.42,0.8,2.33,0.0
16,327.91,2.64,2.71,12.03
0,31.04,0.14,0.29,0.0
1,226.8,2.0,2.21,7.14
6,138.47,2.23,1.0,2.9
7,332.23,2.07,2.89,12.96
18,305.14,1.79,2.58,7.26
5,241.47,1.91,1.86,11.63
0,223.2,1.5,3.0,0.0
17,215.95,2.65,1.97,14.91
1,485.29,1.65,4.52,3.23
5,185.19,1.15,1.55,4.59
2,145.61,1.71,1.29,4.17
1,183.55,0.89,1.58,2.78
7,215.19,1.58,1.65,8.97
2,227.71,1.44,2.01,2.35
4,157.77,1.64,1.22,2.7
0,24.59,0.0,0.0,0.0
2,109.0,1.23,0.88,1.8
2,338.01,0.75,2.94,12.5
4,172.67,0.95,1.29,2.67
1,287.79,1.33,2.38,4.76
1,316.9,1.67,3.0,33.33
3,227.98,1.42,1.89,4.84
4,166.73,1.81,1.38,10.81
0,136.76,1.56,1.15,0.0
0,383.71,0.5,3.0,0.0
0,177.83,1.62,1.46,0.0
4,164.32,1.6,1.31,5.88
1,214.76,1.41,1.74,1.22
4,120.85,1.87,0.93,1.6
0,141.43,1.3,1.33,0.0
5,286.81,1.7,2.64,15.15
2,198.94,1.5,1.9,20.0
3,139.01,1.41,1.12,2.34
0,387.23,0.38,3.25,0.0
17,248.5,1.71,2.01,7.08
0,182.53,1.66,1.53,0.0
1,184.36,1.29,1.61,2.44
0,97.07,1.01,0.72,0.0
0,180.35,1.2,1.8,0.0
2,455.01,0.2,3.6,40.0
11,291.52,1.27,2.58,5.64
64,350.87,2.23,3.0,9.73
0,176.11,1.52,1.59,0.0
3,163.95,1.45,1.42,2.31
4,155.79,1.71,1.31,3.36
3,97.36,0.65,0.84,2.78
2,130.07,1.34,1.21,2.5
3,292.45,1.05,2.81,14.29
0,56.82,0.0,0.43,0.0
7,197.7,1.47,1.62,4.9
0,240.56,1.67,2.0,0.0
1,304.26,1.5,2.6,5.0
1,197.21,1.26,1.68,1.37
8,174.1,0.93,1.49,3.2
1,380.87,1.73,3.18,4.55
11,163.21,1.21,1.38,3.0
2,234.81,1.36,1.84,3.64
4,296.99,0.86,2.72,11.11
20,189.83,1.89,1.56,5.25
2,85.48,0.58,0.58,0.83
28,291.43,2.84,2.64,21.54
2,252.48,0.82,2.14,9.09
4,399.59,1.65,3.59,11.76
15,156.66,0.94,1.2,7.65
1,125.42,1.28,0.97,0.81
5,146.06,1.27,1.25,6.85
9,440.63,1.36,3.97,15.52
1,100.92,1.92,0.78,1.03
5,658.42,1.5,6.3,50.0
0,135.43,1.37,1.13,0.0
5,171.83,1.33,1.48,1.43
2,230.46,1.32,2.04,1.41
3,189.85,1.67,1.56,2.01
1,335.86,0.96,3.09,4.35
2,300.99,3.0,2.69,6.25
24,315.7,2.61,2.74,16.22
1,186.1,2.12,1.6,1.23
4,222.5,2.38,1.98,6.56
18,241.54,3.02,2.01,7.89
8,249.05,1.45,2.13,6.2
1,120.67,1.51,0.94,1.02
12,200.06,1.26,1.73,4.51
1,127.71,1.61,1.05,0.78
3,193.76,1.43,1.67,1.78
1,120.57,1.18,0.98,0.68
10,349.42,1.97,3.22,8.77
17,387.11,2.0,3.29,30.91
0,176.8,1.68,1.45,0.0
0,174.72,1.67,1.38,0.0
0,166.77,0.58,1.34,0.0
3,124.94,1.2,0.95,4.0
5,180.33,2.17,1.56,4.72
3,156.36,1.19,1.34,2.63
5,334.02,1.64,2.69,6.67
6,102.42,0.92,0.82,2.88
2,85.21,1.71,0.61,1.25
0,213.77,1.72,1.61,0.0
5,260.1,0.97,2.18,3.91
9,333.2,2.45,2.75,22.5
19,320.55,2.48,2.62,8.84
6,274.09,2.18,2.42,3.68
1,285.04,2.42,2.5,8.33
2,266.08,1.77,2.23,5.71
3,129.85,1.22,1.06,1.67
0,197.44,2.41,1.76,0.0
0,61.31,0.0,0.67,0.0
4,119.86,0.96,1.0,2.4
3,359.94,1.3,3.3,15.0
13,372.69,1.19,3.19,7.56
0,292.14,0.62,2.38,0.0
7,197.23,1.49,1.67,7.61
2,517.77,2.4,4.4,40.0
1,240.52,1.66,2.06,2.86
0,0.0,0.0,0.0,0.0
5,292.72,1.41,2.54,3.94
3,206.07,1.0,1.91,13.64
1,421.57,4.75,4.25,25.0
16,137.57,1.35,1.08,2.94
31,213.54,2.56,1.78,8.73
5,384.25,1.95,3.68,22.73
6,104.67,0.96,0.87,1.28
1,166.36,2.23,1.37,2.33
12,221.75,2.36,1.99,12.24
2,452.48,1.67,4.33,33.33
5,266.03,1.64,2.27,3.42
2,373.1,3.4,4.0,40.0
2,315.76,0.85,2.92,15.38
1,343.13,1.72,3.06,5.56
1,185.44,1.44,1.51,1.12
3,301.32,1.56,2.83,16.67
6,201.16,2.54,1.7,4.88
0,109.69,0.71,0.8,0.0
3,123.23,1.52,1.01,2.46
4,126.54,1.88,1.16,3.74
6,253.15,1.7,2.25,6.25
2,248.47,0.65,2.03,6.45
5,252.35,0.65,2.45,25.0
15,270.91,1.94,2.4,6.94
2,342.65,1.06,2.92,5.56
2,925.59,1.5,9.5,100.0
0,162.38,2.36,1.29,0.0
4,307.01,1.82,2.53,7.84
2,263.22,1.23,2.32,4.26
21,185.43,2.09,1.55,5.72
2,214.66,1.54,1.75,8.33
5,145.6,1.34,1.1,4.1
7,256.35,2.07,2.3,4.05
2,180.42,0.81,1.56,6.25
2,387.73,2.77,3.54,15.38
2,638.91,6.67,5.67,66.67
4,267.09,4.86,2.27,18.18
7,280.39,1.62,2.46,10.29
5,102.94,1.99,0.7,3.07
10,207.11,2.05,1.72,12.35
3,219.26,1.9,1.91,1.83
3,115.67,1.28,0.88,0.99
4,244.8,1.12,2.19,4.12
1,125.16,0.95,1.03,0.68
1,101.29,1.15,0.85,3.7
4,120.43,1.19,0.97,2.27
15,186.09,1.23,1.37,8.98
10,201.99,2.05,1.65,7.69
6,269.21,1.88,2.49,5.5
5,176.21,2.2,1.39,1.85
2,304.94,0.33,2.87,13.33
10,470.45,1.58,4.25,9.71
1,57.56,2.29,0.36,0.78
2,139.25,1.37,1.13,1.41
2,204.64,2.57,1.71,4.08
5,299.59,3.32,2.68,16.13
2,429.65,0.74,3.93,7.41
6,153.58,1.51,1.21,10.53
0,145.22,1.3,1.36,0.0
15,194.69,2.75,1.51,14.15
4,140.21,0.87,1.1,4.4
5,298.3,1.8,2.6,16.67
3,155.18,0.88,1.24,0.79
1,167.96,1.62,1.47,0.34
0,193.78,1.29,1.5,0.0
1,147.66,2.03,1.19,0.62
2,212.25,2.08,1.86,5.56
1,201.16,1.29,1.8,2.22
5,132.77,2.8,1.05,0.96
3,122.45,1.25,1.14,4.17
0,290.63,1.36,2.45,0.0
6,197.39,1.42,1.6,1.95
0,255.72,1.91,2.55,0.0
3,146.76,1.85,1.22,2.36
2,183.97,2.11,1.49,2.08
6,276.47,1.73,2.5,8.57
7,157.95,1.09,1.29,4.64
2,201.11,1.87,1.82,2.99
2,246.0,1.62,2.09,3.64
2,161.88,1.53,1.38,1.01
1,156.37,1.31,1.35,1.47
14,390.76,3.2,3.39,15.22
11,231.3,2.05,1.9,2.28
8,331.9,2.1,3.15,40.0
3,232.75,0.71,2.19,14.29
5,184.36,2.41,1.61,7.81
0,284.38,0.0,3.0,0.0
1,137.75,2.29,1.08,0.42
9,311.41,1.19,2.65,13.24
14,255.0,1.51,2.12,8.75
2,142.93,0.84,1.2,1.63
2,201.8,1.51,1.76,2.63
5,203.9,2.57,1.72,10.87
9,171.47,2.22,1.35,3.69
3,163.74,0.78,1.2,1.8
16,184.83,2.08,1.56,4.06
1,168.14,1.0,1.41,2.94
3,292.16,1.72,2.45,7.5
2,259.54,2.26,2.16,10.53
5,222.46,0.81,1.95,4.63
1,416.15,1.0,5.0,100.0
7,358.68,1.12,3.15,20.59
1,255.58,2.05,2.47,2.63
4,207.07,0.83,1.6,8.33
12,137.4,2.64,1.08,3.17
4,153.6,1.63,1.27,1.27
8,250.07,1.79,2.29,9.41
2,219.84,2.0,1.94,4.08
2,315.63,1.5,2.83,33.33
3,352.71,1.71,3.43,21.43
2,173.06,1.58,1.49,2.78
6,201.8,2.51,1.72,5.77
2,173.91,1.17,1.35,1.05
5,293.08,2.1,2.5,16.67
6,147.13,1.17,1.12,2.12
2,310.32,5.0,2.54,8.33
2,129.11,0.97,1.23,2.27
2,474.04,2.4,4.33,13.33
8,331.91,1.39,2.79,13.11
1,345.72,1.0,3.0,25.0
0,132.07,0.0,1.1,0.0
13,92.71,2.53,0.72,2.57
1,223.53,1.21,1.97,3.03
13,361.23,2.2,3.26,13.54
7,182.38,1.76,1.49,4.02
5,172.31,1.74,1.37,4.39
3,165.84,1.87,1.36,2.16
16,309.53,2.39,2.77,13.56
1,213.8,1.34,1.76,1.02
9,210.23,4.51,1.73,9.57
3,262.31,2.12,2.75,37.5
1,270.65,0.88,2.62,6.25
4,235.37,1.3,1.87,5.97
5,209.74,2.44,1.86,7.94
4,138.16,1.12,1.1,1.3
0,210.42,1.0,1.62,0.0
6,223.43,2.43,1.96,4.23
13,321.69,0.81,2.91,4.23
3,277.16,1.58,2.72,5.66
1,340.79,2.13,2.93,6.67
2,135.48,1.17,1.23,0.67
5,244.33,1.49,2.09,8.77
7,160.7,1.56,1.32,2.52
1,272.75,2.0,2.17,16.67
2,208.9,0.95,1.61,1.8
2,141.07,1.53,1.0,1.42
1,329.07,1.0,3.33,11.11
4,175.5,1.54,1.51,4.94
1,235.22,1.44,2.11,5.56
5,221.07,1.95,1.95,7.58
3,376.03,1.84,3.39,9.68
6,263.9,2.19,2.22,10.17
1,222.95,0.61,1.87,4.35
2,197.81,1.31,1.62,1.18
7,365.4,1.96,2.72,14.89
21,302.71,2.52,2.7,11.54
2,235.92,1.35,1.8,5.0
5,282.0,1.41,2.36,22.73
2,252.13,1.53,2.24,5.88
7,273.11,1.08,2.48,10.94
0,203.66,1.67,2.0,0.0
0,316.38,3.0,3.0,0.0
2,310.07,0.43,2.71,28.57
6,380.59,1.17,3.56,33.33
6,155.99,1.54,1.3,2.53
3,143.75,2.25,1.24,2.7
6,243.55,1.76,2.11,13.33
2,263.41,1.22,2.25,5.56
0,0.0,0.0,0.0,0.0
2,153.14,1.39,1.34,1.8
20,311.42,2.63,2.67,17.7
1,120.52,0.77,0.85,7.69
1,211.25,2.18,1.79,3.57
8,315.06,1.95,2.81,18.6
5,337.89,2.72,3.0,20.0
3,189.37,1.07,1.65,5.0
3,187.05,1.41,1.61,1.96
2,254.04,0.96,2.05,3.64
0,740.35,2.0,7.0,0.0
1,353.3,0.85,3.46,7.69
2,121.77,1.0,0.98,0.51
2,247.51,1.4,1.88,8.0
17,261.54,2.13,2.22,14.29
0,132.62,1.71,1.05,0.0
4,263.82,0.91,2.41,12.5
3,378.13,2.84,3.53,15.79
0,100.0,0.14,0.71,0.0
1,186.28,0.2,1.8,20.0
5,198.2,2.12,1.6,5.21
2,340.69,2.65,2.77,7.69
11,250.37,1.6,2.01,8.21
1,210.86,0.67,1.67,16.67
0,149.41,1.57,1.29,0.0
2,387.69,1.77,3.46,15.38
7,165.73,1.28,1.34,3.72
1,343.14,1.0,3.5,50.0
15,242.04,3.55,2.08,7.11
4,243.43,0.91,2.15,4.3
1,262.16,1.31,2.23,3.85
2,246.68,0.55,2.45,10.0
5,247.99,1.14,2.19,11.63
3,94.65,1.49,0.77,1.84
5,141.26,1.83,1.07,4.13
5,177.87,1.94,1.49,5.56
0,181.02,1.94,1.56,0.0
3,119.58,1.64,0.94,3.53
0,98.91,1.42,0.78,0.0
7,130.04,0.94,1.0,1.62
1,443.47,2.5,4.38,12.5
3,278.95,1.5,2.83,50.0
4,106.72,3.45,0.82,1.12
2,99.07,1.22,0.77,0.72
36,316.51,1.64,2.66,15.06
12,274.84,1.93,2.48,3.01
7,92.61,1.11,0.72,1.69
1,280.1,1.4,2.0,20.0
2,178.38,2.23,1.34,1.64
1,128.18,1.06,0.92,1.16
3,165.18,4.82,1.39,1.11
6,223.6,1.3,2.02,10.0
6,144.04,1.51,1.17,2.74
8,391.77,1.78,3.19,10.39
4,226.34,1.0,1.96,7.84
2,134.88,1.12,1.03,2.99
2,166.49,1.41,1.41,7.41
5,158.78,1.56,1.28,1.54
2,134.67,1.7,0.98,2.38
1,158.93,1.29,1.36,1.1
3,58.32,1.76,0.41,1.34
10,340.9,1.73,2.77,19.23
6,206.53,1.76,1.8,4.51
12,274.79,1.95,2.27,6.25
4,156.93,0.95,1.5,20.0
3,215.39,1.71,1.58,4.17
5,151.38,1.6,1.32,4.24
10,169.71,1.56,1.41,9.9
1,253.77,1.7,2.18,2.27
3,199.64,2.4,1.67,2.78
4,110.46,1.87,0.9,3.2
5,232.41,1.59,2.21,5.0
5,249.45,1.95,2.07,3.33
3,143.8,0.98,1.07,1.49
8,286.6,1.9,2.72,20.51
2,123.3,1.83,0.9,1.4
6,134.02,0.87,1.2,3.51
15,303.26,1.92,2.7,8.93
4,158.4,1.26,1.26,2.4
9,328.21,1.63,2.87,8.65
2,230.15,1.2,2.05,4.88
2,118.97,1.21,0.99,2.6
2,205.99,1.74,1.79,1.53
10,156.37,1.95,1.34,9.52
1,197.39,1.24,1.65,0.98
3,167.23,1.85,1.38,1.26
0,122.6,0.46,1.14,0.0
3,108.48,1.19,0.79,1.22
1,378.22,4.23,3.69,7.69
2,194.95,1.28,1.54,2.63
15,221.39,1.87,1.93,6.25
21,344.03,2.18,2.92,19.81
20,274.94,1.72,2.4,9.17
1,303.76,1.83,3.17,16.67
12,310.98,1.42,2.79,13.04
5,191.29,1.62,1.76,8.62
11,230.27,1.38,2.06,4.31
13,415.29,1.17,3.91,13.54
0,114.65,0.47,0.95,0.0
1,263.17,1.32,2.45,4.55
1,241.59,0.89,2.44,11.11
10,138.61,1.18,1.11,6.29
9,209.35,1.6,1.69,3.6
5,152.84,2.34,1.29,1.79
1,135.15,0.76,1.17,1.04
4,164.07,1.07,1.38,3.85
1,105.09,2.97,0.75,0.48
25,232.77,3.18,1.82,5.91
1,220.33,1.18,2.09,3.03
2,502.35,2.5,4.81,12.5
6,449.79,0.71,4.43,10.71
1,280.14,0.93,2.78,3.7
2,253.51,1.77,2.03,5.13
19,317.61,2.15,2.63,10.67
4,235.97,1.13,1.9,5.71
1,499.74,1.25,4.38,12.5
4,365.18,2.06,3.35,23.53
3,467.52,2.84,4.32,9.68
0,186.76,1.27,1.39,0.0
2,198.04,1.62,1.53,3.77
1,66.46,1.06,0.51,0.22
2,118.97,1.3,0.89,0.89
2,114.42,2.25,0.84,1.16
7,273.05,1.73,2.32,7.22
6,302.37,3.31,2.58,13.33
1,917.18,6.0,10.0,100.0
2,116.9,1.03,0.97,2.74
4,185.31,1.19,1.52,3.17
5,172.1,2.65,1.37,3.11
1,218.54,0.64,2.03,2.78
26,563.67,1.13,5.25,14.05
3,105.53,1.45,0.83,1.01
4,352.16,1.46,3.21,10.26
1,144.67,1.28,1.24,0.45
8,138.48,1.67,1.15,3.19
4,237.02,2.04,2.02,7.41
8,261.99,2.85,2.19,5.06
0,112.8,0.25,0.75,0.0
0,134.88,1.4,1.0,0.0
1,193.53,0.95,1.47,1.69
11,164.38,2.01,1.31,5.47
12,393.09,1.98,3.93,21.82
7,301.39,1.47,2.25,21.88
3,180.75,2.27,1.49,5.45
6,219.27,1.95,1.84,4.44
7,226.73,1.55,1.9,4.93
5,206.6,1.67,1.87,11.11
2,174.68,0.65,1.55,10.0
3,123.92,1.03,1.0,0.68
5,310.05,3.7,2.78,21.74
2,196.79,1.57,1.7,2.9
2,130.6,1.97,0.87,1.57
1,120.65,0.98,0.92,0.53
3,89.05,1.2,0.68,2.33
0,421.78,0.5,4.0,0.0
3,214.13,1.91,1.61,6.82
3,250.48,0.95,2.22,7.32
0,265.57,1.25,2.45,0.0
5,320.04,1.98,2.81,10.64
1,247.64,1.1,2.3,10.0
3,141.33,0.78,1.27,8.11
1,162.89,1.49,1.31,0.81
4,209.2,2.74,1.62,7.55
2,196.75,1.24,1.54,2.94
0,161.95,0.75,1.5,0.0
8,196.73,3.84,1.61,6.2
5,250.58,2.24,2.19,13.51
4,279.5,2.48,2.96,17.39
3,306.97,0.98,2.64,6.0
4,119.3,1.78,0.95,2.33
4,349.69,1.17,3.1,6.35
4,120.48,0.96,1.03,1.48
5,338.16,1.61,3.04,7.46
14,292.56,2.04,2.52,5.6
3,248.82,1.45,2.35,3.75
4,149.02,1.37,1.09,3.36
16,311.24,1.69,2.84,8.79
4,111.54,1.32,0.86,1.27
1,387.28,4.0,3.67,33.33
18,153.41,6.78,1.34,5.04
1,338.75,0.91,3.18,9.09
0,177.39,1.0,1.67,0.0
2,127.31,1.89,1.07,4.44
0,0.0,0.0,0.0,0.0
4,153.56,1.8,1.33,6.25
0,262.95,1.36,2.14,0.0
1,214.95,1.16,1.93,2.27
0,113.24,1.53,0.9,0.0
0,206.2,1.44,1.77,0.0
5,468.02,1.64,4.48,20.0
13,191.14,2.0,1.54,4.25
1,114.32,0.9,0.9,0.54
1,305.79,0.67,2.67,33.33
1,168.26,2.09,1.24,1.22
4,266.53,2.33,2.28,11.11
6,110.76,1.56,0.87,3.19
6,202.2,1.38,1.61,3.7
22,383.99,1.91,3.47,10.14
1,154.98,0.83,1.44,5.56
1,165.85,2.04,1.36,2.22
1,269.59,2.38,2.38,12.5
5,168.66,1.3,1.34,2.67
2,172.31,1.45,1.51,2.6
4,98.26,1.21,0.7,2.19
3,373.96,1.53,3.31,8.33
0,275.02,3.0,2.15,0.0
3,394.91,1.28,3.38,7.69
2,276.26,0.89,2.39,11.11
20,315.67,1.56,2.69,6.62
5,210.25,1.47,1.75,8.33
