player_name,tracker_id,solo_mostkills,mostkill_date
BreakNeck,4405,13,2017/8/18
Blackwalk,8199,13,2017/12/8
mercedes_benz,4454,10,2017/8/8
DORA,7729,14,2017/12/8
n2tstar,0,13,2017/5/8
coldoxygen,33313,10,2017/11/1
Giken,15585,11,2017/5/20
KoreaNo1,9454,7,2017/11/27
undor,24029,11,2017/1/19
Fordune,11289,8,2017/12/4
PandaTV-Tongk,142394,12,2017/12/18
Benny-_-,16256,8,2017/4/14
PanDaTV_Karl,142401,15,2017/7/7
homeboye,46547,10,2017/4/27
YUPPIEE,4486,7,2017/11/16
Doomhammer,6931,10,2017/11/1
DinghisKhan,3833,9,2017/1/1
YoonRoot,4404,14,2017/7/21
3N1GmA,19925,10,2017/1/28
synthtail,6455,11,2017/10/7
SevenWolf,11729,13,2017/8/5
FZTEAMLDS,196013,12,2017/12/22
1125,29218,7,2017/6/13
BombBurst,8040,7,2017/7/15
SILPHTV,43458,18,2017/4/24
SexyPIG,7513,14,2017/7/12
TOP_94,9142,9,2017/8/14
zeggi,6180,8,2017/5/6
baoli6666666,212886,10,2017/3/20
Toadoo1,51329,9,2017/6/18
ESPOIR,5118,6,2017/8/10
SuPoo,108625,8,2017/8/23
TwitchTV_SADO,85012,9,2018/1/7
cn_NEO,6603,13,2017/9/9
Curious_ow,131513,12,2018/1/27
PanDaTV652714,162887,16,2017/2/5
Se7en_700,200738,20,2017/7/24
AKfun,196291,11,2017/10/4
Romance_,6108,11,2017/11/30
Dongwonchamchi,84821,9,2017/7/28
TheHell,9339,18,2017/12/12
BDBDBB,150672,13,2017/7/16
ChangJin,7997,12,2017/6/29
CraXlayer,72040,9,2017/4/6
COSAB-,152251,15,2017/12/16
HyukOh,8993,15,2017/11/11
Yaku1018,142407,14,2017/8/20
BanMyo,10410,15,2017/5/5
GODUNGA,7363,11,2017/5/10
Pull7,4096,11,2017/1/10
juankorea,7520,12,2017/2/7
JooHeon,11600,10,2017/6/22
JAKIM,8195,14,2017/5/17
Nicknameilanda,21602,8,2018/1/29
Cookiedoodle,12066,7,2017/10/12
Xerape,13518,6,2017/6/20
BLUE-O-,91273,8,2017/4/28
KeiHelp,12845,5,2017/10/11
SeaYureka,4119,12,2017/11/21
threeBELL,119501,7,2017/12/31
mcthesex,176602,7,2017/2/5
Gyeongwoon,7918,11,2017/1/10
Rain1ng,46576,12,2017/1/21
i_Cloud,6491,11,2017/10/12
evermorelucky,16995,10,2017/7/13
Joker666,11913,11,2017/8/23
TreadstoneTW,151480,10,2017/8/18
D_VaGod,5112,9,2018/1/9
UrbanJacket,42572,9,2017/5/1
CCCCCCCCA,149581,14,2017/1/24
Panda-WangShaoye,182032,14,2017/5/18
HunseockGiyomi,135262,17,2017/4/24
Meluke,25386,13,2017/9/7
SurplusHuman,4455,13,2017/7/9
Jembty,27789,15,2017/1/8
Condemn,31408,7,2017/3/27
tjwzsp,142395,13,2017/11/14
DalGoNa,33012,8,2017/6/28
whoai,8313,12,2017/12/29
YapHunter,42246,7,2017/8/26
AceAcephd,14234,7,2017/9/21
misosoo,18360,6,2017/5/24
Qurate,101689,9,2018/1/4
hun__Dan233,182398,0,2017/7/20
Bumkey,8030,13,2017/5/10
Solky,127596,9,2017/9/18
WeiX,212903,9,2017/2/11
KPK_Ssong,12710,13,2017/3/21
Autumn_KR,14350,7,2017/12/3
Nucleus,28396,9,2017/3/18
Tmfprl,7410,9,2017/12/15
DogPigBear,4043,6,2017/7/23
3NCORE,6985,14,2017/5/29
KDHkorea,23614,10,2017/9/26
jungwook,11690,12,2017/3/28
Sitton,6042,10,2017/10/5
PANDATV-TYF,22188,12,2017/4/18
Great_Cornholio,2260,0,2017/12/26
Cafri,9346,8,2017/9/2
evermoreDAMBI,7857,5,2017/5/15
WatchAss,196309,11,2017/6/3
Yolo-LaLaLa,142404,18,2017/9/17
Ayu0,14352,22,2017/9/17
ta--ttoo,64263,15,2017/5/1
POT-PAPER,4040,12,2017/1/11
C00LrabbiT,33415,7,2017/1/6
AlexConnor,13504,7,2017/7/22
Co-in,176657,8,2017/10/13
sQLs,143358,13,2018/1/13
YumGu1_1,18504,7,2017/5/9
AIM0_0,8092,11,2017/12/11
Zanpah,2627,11,2017/5/31
Jiaozhu1627,76622,11,2018/1/9
DIGDA-,196304,12,2017/10/7
bbaru,23567,10,2017/4/24
S2BEAST,6661,6,2017/10/28
JOVVA,12919,10,2018/1/17
Gaedol,8772,11,2017/2/15
LHiD,156994,14,2017/9/11
evermoreJongseo,142397,10,2017/5/27
LAONJENA,6929,7,2017/5/7
patbingsu,15776,13,2017/3/11
VanilLa12,157609,16,2017/3/18
Taejin-CHOI,108162,5,2017/10/4
kimwow,21987,12,2017/9/30
Booree,21579,11,2017/3/24
S2yeonS2,44680,12,2017/8/31
Inception_CCJ,24383,11,2017/9/7
TechnoloGY,71471,13,2018/1/23
korchan,7706,7,2017/9/21
YANGGANGGANG,34667,10,2017/3/13
Gaitan,6271,8,2018/1/16
PlayerJP,9598,8,2017/1/13
doliGGo,8659,6,2017/6/26
LeeSunShin,7299,13,2017/5/10
DJLee,44335,12,2017/11/7
APLUSVABLE,7093,16,2017/6/28
lucienau,9344,8,2017/5/17
nfc1204,11990,9,2017/12/25
KR_Sigma,14074,10,2017/3/24
MingG1,16495,11,2017/8/31
elementtos,142406,8,2017/2/17
Lute,12503,9,2017/5/10
Faultlessly,52504,10,2017/6/4
Jeropiss,63812,8,2017/8/14
ALDOGG,9087,12,2017/4/30
denahuen,39,16,2017/11/18
peatrmao,178989,9,2017/1/12
Korys,196312,11,2017/10/10
waggudaejang,18631,11,2017/8/11
MiracleTV-Twitch,52215,15,2017/12/15
Chomuske,64014,10,2017/6/29
Haxete,17946,14,2017/11/12
anlian,156999,9,2017/9/25
DeadFury,116132,13,2017/9/11
Xp_cnix,79630,11,2017/2/26
Yolo-260188,89183,23,2017/3/1
betelgeuze,14937,11,2017/2/2
cuopon,24109,11,2017/4/6
SINCHAN,7496,11,2017/3/27
Mak2b,16094,9,2017/1/2
R3gret,11374,5,2017/3/28
MenpaYoutube,6110,11,2017/1/19
FirePillar,54506,10,2017/5/17
Larm,16147,9,2017/5/20
PaaaRADOX,2265,10,2017/7/24
Real_Paddy,28749,9,2017/8/29
Computer0o0,9211,9,2017/5/29
P9_JinJu,3592,15,2017/1/6
CnJ_MilKis,129560,7,2017/10/8
Akakiki,24842,2,2017/9/27
euin,154045,11,2017/10/22
VoHiYo,48,7,2017/1/18
StephenNgo,39157,9,2017/3/26
HuYaXiaoNiangZi,142602,11,2017/2/24
ilovit,62095,7,2017/1/27
EinherjarSKF,33298,14,2017/3/21
CHANHUI,150167,16,2017/8/2
CouQueDas,8111,10,2017/11/1
atskake,8907,14,2017/2/4
alexlch7,93950,10,2017/6/10
Moguchon_Cow,18421,13,2017/12/21
yangyao,103121,17,2017/9/13
YounghoPark,109146,10,2017/7/17
Pingdoly,11387,9,2017/8/20
Interrogate,2227,15,2017/6/29
AvalonOnFire,142396,19,2017/1/29
KangHaBin,39732,10,2017/6/23
81gPp,104711,6,2017/11/15
p9_bulldog,3657,10,2017/1/7
pppg,176763,11,2017/3/24
miniDIVE,8004,8,2017/8/12
HONG_LEGO,16530,10,2017/9/28
Keeeee,38807,13,2017/8/20
WolfRain,63564,16,2017/1/23
kravitz,54274,12,2017/2/1
wlswlswlsz,14690,10,2017/2/23
Karma--Police,91893,6,2017/5/14
abyssal-horror,142409,7,2017/11/8
N_JOARA,50626,9,2017/10/21
CheezeBot,16238,7,2017/8/1
Chris0321,7876,11,2017/7/5
PandaTV-1073033,24021,10,2017/11/26
WindPoint,54653,7,2017/4/2
KR_SDT,9984,13,2017/3/6
Ducky0413,23797,7,2017/6/1
JUHO__,12853,10,2017/10/7
JoshOG,212,11,2017/9/1
Incep_Rainbow,24381,5,2017/10/18
spunkynero,20542,13,2017/8/20
Chilli,6273,9,2017/9/15
Zed_God,21988,8,2017/11/4
SIX-ONE,14880,10,2017/1/20
lyoco,13718,7,2017/8/9
qkrehqls,4348,12,2017/12/8
JJoo-,44153,9,2017/8/3
Technica,5113,10,2017/11/2
douyu65848maoni,15984,11,2017/12/18
MPRO_Hard,165270,8,2017/10/25
EZPZMAN,9872,14,2017/4/9
PickMePlz,117538,8,2017/3/22
sHaDowL,6949,7,2017/7/18
ESTH3R,40134,17,2017/2/23
Zoidm8,2087,14,2017/1/14
DNG_Summ1t,20069,10,2017/4/5
Celina,33380,5,2018/1/24
Drotaverine,106726,14,2017/11/24
Gyunt,48858,7,2017/8/2
JonSnow_,153755,7,2017/7/22
S1N1,21174,20,2017/11/23
Choooooooo,60950,9,2017/2/8
Park_ho,8017,9,2017/9/7
BOTHOT,9985,10,2017/11/17
AVlCll,34662,12,2017/11/22
HIMNA,68696,8,2017/9/4
2yes,94388,13,2017/3/9
Cucumberdoll,89550,9,2018/1/9
TKzhun,70341,19,2017/8/27
hanggod,45119,9,2017/5/15
Pybas,26687,9,2017/5/15
TwitchKR_YU,18634,10,2018/1/31
CokePlease,6403,8,2017/6/24
MaHiT,8013,7,2017/7/21
Hetror,14147,16,2017/2/12
Royjo_x,70803,0,2017/12/29
GganSyu,155846,9,2017/3/11
k-sym,70251,14,2017/1/7
akend,13863,5,2017/10/25
Baret__,12170,6,2017/6/28
Rayleigh0,210924,10,2017/2/14
Unreality,1340,6,2017/6/6
mpro,9912,8,2017/7/16
Sieba,34149,8,2017/11/23
Juice7,29075,8,2017/3/15
SAM666,6955,14,2017/2/23
SoolEya,6461,10,2017/5/27
GGoolDang,53097,9,2017/11/3
panda-t-v628571,3585,15,2017/9/24
ZiphoN,39427,14,2018/1/5
CuGs,9471,9,2017/3/8
EndRyu,20526,9,2017/2/12
DeadorLiveee,95338,9,2017/2/4
Venerated,6715,18,2017/8/23
Chillout-,5171,12,2018/1/18
Gramatic,13190,18,2017/6/17
sung-joon-yong,5013,2,2017/3/8
Jongkoomi,31975,6,2017/8/23
Autumn0_0,133277,8,2017/12/11
harry_k,6410,7,2017/5/19
qqqqsad,8664,11,2017/9/9
matyo,178946,9,2017/1/8
BBIGPICTURE,45282,12,2017/11/26
RedDagger,46683,8,2017/9/4
RAGE_M,100267,11,2017/8/11
chicchicpokpok,23588,16,2018/1/7
OnSeMiRo,12751,8,2017/10/20
yooooungsn,176078,10,2017/3/28
Maine,9167,12,2017/1/1
JungIeman,40943,12,2017/1/1
kimin_kim,99178,10,2017/2/13
boboTARANTULAS,218109,15,2017/5/8
Wootystyle,46724,12,2017/7/10
n1nebang,42065,11,2017/5/2
hshshshs,51115,9,2017/6/25
MeToRBOT,1224,5,2017/3/23
TD911,140196,14,2017/2/19
Joker_Kim,151467,9,2017/10/25
mjyoh,35523,13,2017/12/12
40ho,8001,9,2017/7/4
HuYaTV-qued3,11154,21,2017/12/13
SOLIDFPS,1567,15,2018/1/27
CAUarchi,14387,8,2017/1/2
The-Jackal,97432,4,2017/11/27
BALLOC,5370,13,2017/7/22
Gyuh,171810,8,2017/10/7
HonDon,82039,8,2017/10/30
trust123,8751,8,2017/10/15
Nalbaem,179883,4,2017/2/3
PePeMoN,38478,8,2017/3/14
Wck3d,17161,3,2017/8/26
BitchRabbit,47150,11,2017/9/11
CaffeMania,25887,5,2017/3/26
KRER,8541,16,2017/3/25
Leelin,49964,11,2017/10/7
DaDaTheNoob,218111,6,2018/1/29
LukeYoon,7867,7,2017/12/2
Sabin1,8757,7,2017/1/23
Bierbank,547,13,2017/10/30
Hitman_Agent47,13355,9,2017/6/13
DTM-V,22517,19,2017/10/24
MAROO9,83899,8,2017/4/24
sinamori,84803,14,2017/1/13
PuHa_,42009,4,2017/3/16
XiaoMaRap,14351,8,2017/5/3
Algorism,6714,8,2017/8/20
AaronSeagull,37707,13,2017/9/14
KSPSOON,33049,10,2018/1/15
Eyejoker,5869,11,2017/1/22
mamenim,25875,9,2017/6/7
Tomppaw0w,105782,10,2017/8/12
lazysundayi,35474,17,2017/6/14
Toffler,29500,7,2017/7/22
IzmR,12025,9,2017/5/14
DouyuTv70360,54167,14,2017/6/9
one_way_kun,17895,9,2017/5/8
LEEJUNJAE,31296,8,2017/1/10
ennV,3734,11,2017/2/22
JuvenileTalker,13967,8,2017/6/8
Undrwatrsnowman,127,8,2017/1/10
PeterPan-,163080,9,2017/3/30
Ralph,13141,5,2017/2/13
ShredYou,80461,11,2017/1/4
Isla,7364,8,2017/9/23
Aiming-,63670,9,2017/6/6
622kop,209547,8,2017/7/14
ggbom1,53783,11,2017/5/17
HIGHLEVEL_HB,154522,10,2017/7/1
MacBoy,72381,0,2017/4/6
CappyFPS,17878,7,2017/8/1
SteeZybb,24433,1,2017/8/22
Tonotza,9595,13,2017/12/9
Korea6ga,8089,9,2017/12/4
Gung_Di,8514,6,2017/10/22
chadd,19264,10,2017/12/9
Randingo,2866,14,2017/6/20
SingleShots,13971,14,2017/10/8
heukdol,97555,11,2017/5/17
ATeam,13102,11,2017/11/12
Cheonjinyeong,87673,10,2017/12/25
Shraded,15906,10,2017/4/30
Bye-Bye-,12133,10,2017/1/7
Nexuss,1436,13,2017/6/13
kimchi-warrior,16526,0,2018/1/23
heoslove,148107,10,2017/2/4
coow2,129462,5,2017/7/26
boboBEAR_K,218113,8,2017/1/3
razMki,10883,10,2017/6/26
Ezqelusia,5282,16,2017/12/16
CJBSacred,50928,9,2017/5/26
Solid420,6922,7,2017/5/4
RaptorDaRaptor,1438,18,2017/9/5
Noragni,43688,18,2017/8/17
douyumoyinnuomi,15976,21,2018/1/4
DukisMundle,26839,9,2017/8/15
WHITEGOM,13405,11,2017/12/7
UlsanJO,156587,8,2017/12/26
Moca,176412,14,2017/12/8
chopa87,215323,8,2017/10/6
Kronix,1683,5,2017/1/16
uiharu,188615,11,2017/10/30
MiracU,53939,19,2018/1/31
stickless,121716,10,2018/1/1
papipuz,63734,10,2018/1/13
HOSUB,51287,10,2017/3/13
Vip-Argus,50209,7,2017/6/20
Scubby,14579,13,2017/11/11
Laires,76545,10,2017/8/6
Broaden,36563,7,2017/1/13
DDackong,14361,7,2017/2/1
Viol2t,169645,16,2017/8/20
dot2,15310,5,2017/1/26
TwitchtvSoltek1h,4411,11,2017/1/5
strock,51298,9,2017/1/19
ZaLike,33696,9,2017/6/25
PakFa,92525,5,2017/1/19
Jahonnes,7173,6,2017/3/19
Madcow3K,105564,12,2017/11/10
0tan,6951,17,2017/6/16
pink-ori,39226,7,2017/10/28
Kemba7,80346,10,2017/6/10
twitchtvDnBoom,1479,23,2017/11/26
z1ba_,213238,10,2017/1/31
HEFEY,72043,9,2017/10/29
AintrealTV,22187,13,2017/11/1
Brutale_Monstra,22940,12,2017/2/26
Donghyeok,24564,8,2017/12/7
ManOfMatch,129314,6,2017/6/22
DrasseL,14569,19,2017/3/14
CrunchBruh,15782,16,2017/9/26
sdfsdfd,7074,13,2017/8/6
LaraCroft,47210,8,2017/11/8
hardbird,121715,10,2018/1/16
SKYPP1,176159,5,2018/1/27
WILDJ,13330,7,2017/1/31
KoopaSold1er,6254,8,2017/12/15
BlueWho,16517,3,2017/10/16
style-,11825,12,2017/8/2
PanDaTV-Karl,150145,15,2017/7/27
Sehcaep,12668,7,2017/8/20
almom,5812,8,2017/6/1
DDangGGoma,149377,7,2017/10/20
TEXQS,29238,11,2017/10/12
BADDUBU,87410,9,2017/2/19
LTGG-,24989,10,2017/1/2
L2P_Lush,25337,15,2017/3/19
provincia,62125,9,2017/2/24
PiShuang666,142408,6,2017/4/8
Inaddition,33278,9,2017/10/30
momomomom,152185,9,2017/7/23
Vii3t,14051,17,2017/5/2
Aiego,172188,10,2017/1/23
SilverLiu,39235,5,2018/1/22
The_Zek,2274,10,2017/6/28
Ciggzy,2176,15,2017/11/1
twitchtvDaZFPS,1178,11,2017/1/27
S4v4g3,27394,10,2017/7/14
ChiinaNumbaOne,19387,5,2017/6/29
HEREIAM,6669,10,2017/1/7
dmasteR,22614,15,2017/6/7
269_bullet,20449,19,2018/1/20
Akaskillz,12493,15,2017/7/1
KoukiIkeda,42407,11,2017/5/1
AkdongPadaK,176904,14,2017/7/25
Malla95,94574,9,2017/11/25
ACpms,3836,9,2017/8/21
MrPomPom,71839,12,2018/1/24
Mium,13406,10,2017/12/29
fudrl,16041,6,2017/11/1
GGoMaa,14041,5,2017/9/16
GeuN_K,31108,12,2017/4/6
LIQUIDUTY,26630,8,2017/3/4
TAK2,7432,8,2017/9/6
ikilledhomer,15330,11,2017/5/7
SG_MIN,51147,9,2017/6/5
cvcvksg,33322,7,2017/7/1
Sambty,105777,14,2017/3/21
c7utch,7738,10,2017/8/20
HotBaaJi,38716,9,2017/8/29
bobyy,8707,8,2017/5/21
Rick_Ren,42857,9,2017/9/10
SEUNGCHELHONG,210321,9,2017/5/30
ChoiGony,212338,7,2017/6/25
youngtwoseven,22672,7,2017/2/3
GeoTracker,1501,13,2017/3/3
jinho4321,54876,8,2017/10/30
Comet15,16077,5,2017/11/4
Ashek,22557,7,2017/6/16
TheChosenZygote,15537,5,2017/4/9
HIMHYUNG,142040,7,2017/9/27
chee2e,210044,6,2017/1/27
Extrinsic-SG,127623,9,2017/4/28
Kezwik,6298,11,2017/7/10
Akno,45845,15,2017/2/9
Trapppp,3184,9,2017/12/19
OdinThor,1309,13,2017/2/4
Sponge_Bob,15826,8,2017/3/25
Tripleparty,132992,9,2017/12/31
YanZiXuan,41555,12,2017/2/25
Mr127,76629,7,2017/12/20
Bigh2ed,68632,12,2017/1/15
Pretence,50409,10,2017/2/20
Havokki,34465,12,2018/1/2
Rumad,20109,17,2018/1/13
RedAnn,51221,7,2017/12/15
Aromatica,13360,10,2018/1/11
zickiz,28753,10,2017/12/30
itzSwisher,2136,2,2017/8/29
GODjaehan,13505,14,2017/6/18
suntouch,646,13,2017/12/2
Corea_-Watcher,43692,8,2017/6/18
guimul,48083,9,2017/4/24
AduDu,12228,6,2017/12/19
OkG-wan_Kim,53173,15,2018/1/15
MixParty,15990,9,2018/1/25
Sanosim,121830,16,2017/2/28
0II0ll0,179377,16,2017/3/24
Banana_-,97112,13,2017/5/22
WeiksWorld,26660,18,2017/7/7
VETEMENTSx,34599,18,2017/12/28
TheTiger,7449,6,2017/2/23
acofosho,26277,10,2017/10/19
f0restwOW,183559,12,2018/1/11
KingKevinz,28766,6,2017/2/15
AJTTSH,210218,7,2017/5/23
Storsnorre,6680,20,2017/8/3
Mizeloble,18158,8,2017/8/4
KHR_-OV,92174,5,2017/9/23
DouyuTV_2311723,130996,12,2017/10/15
Kimchibear,890,5,2018/1/11
UAHAN,217078,12,2017/12/4
Naru9912,68455,13,2017/7/11
hitmank,139727,10,2017/10/8
TeaBoneTV,31315,14,2017/2/27
Cheetah-kim,209269,11,2017/9/7
Nbslol,26306,10,2017/1/16
LastBurn,51124,9,2017/12/8
ADnodap,89516,6,2018/1/13
k1ker,4141,18,2017/10/23
LunaticGom,13493,7,2017/10/23
EwanHC,438,18,2018/1/2
hsk44daskReon,210301,9,2017/2/15
POORPOTATO,128394,10,2017/8/11
Doctor_Jooh,24339,6,2017/4/4
MarketKor,28222,10,2017/7/24
TheDubs,1731,11,2017/2/24
nagnol,167496,8,2017/9/14
uNd2rbar,42254,13,2017/5/31
aabaac,26096,11,2017/5/25
WooJang,133159,9,2017/11/13
hatchshot,27239,11,2017/10/21
LazyAss,10989,9,2017/7/22
NIMIC8_,171748,13,2017/9/9
RIOTISM,39774,7,2017/3/14
Thomas_,30218,16,2017/8/8
Bear_Loui,114759,12,2017/6/21
frOsTor,15167,9,2018/1/30
Carryforyou,9938,8,2017/9/7
Jadsu,97180,9,2017/7/7
TwitchTvPr0phie,52978,21,2017/4/10
norazoyo,70328,8,2017/4/28
Les_Onardo,18938,12,2017/5/14
ruisoo,26645,9,2017/9/17
Njoe,17723,8,2017/10/2
Khengiskahn,122851,11,2017/12/4
WatchinYou,29467,16,2017/12/9
Vanillach,78753,13,2017/1/26
blackYtheborn,39726,13,2017/5/15
Nyarlath,12166,8,2017/5/18
maki_X_riko,7865,8,2017/12/15
DOLDE,27997,8,2017/4/23
Pitper,64385,5,2017/12/3
Kor_Han,23846,9,2018/1/30
Slain,3779,1,2017/12/31
Dominic31128,129536,9,2017/7/23
mapacho1,141767,9,2017/6/28
IamChappie,599,11,2017/11/9
ILoveUzi,137167,11,2017/2/11
v1793,18936,8,2017/9/21
Jagabeezonmat,7999,6,2017/10/20
ToolTipMissing,161190,8,2018/1/29
cannibal6,194043,9,2017/2/9
PKHo,48822,8,2017/1/26
Frolicer,779,23,2017/10/21
Qued,209760,10,2018/1/1
PandaTV943352,50663,11,2017/7/6
Noahkami,4233,9,2018/1/24
Salazar1104,23072,12,2017/3/30
Frosz,2006,13,2017/12/9
idontrlymind,27795,9,2017/12/2
Zodiac2,42287,7,2017/11/19
xBNX,34107,16,2017/9/12
koreaAlti,17233,11,2017/11/19
Jinyo,9876,10,2017/6/18
Total,16640,7,2017/11/12
Crazeee,3129,10,2018/1/31
wahaha999,102793,14,2017/6/15
TheOneFresh,167657,7,2017/10/20
Gae_Dol,12491,11,2017/2/26
Essen,5121,7,2017/9/20
Noisey,4754,13,2017/8/8
OWL_KING,126956,12,2017/1/28
KILL-THE-ENEMY,173918,4,2017/2/5
yeowoney,33663,10,2017/4/14
KINGsihyung,8213,9,2017/11/19
ONEDOLLAR12,18031,11,2017/2/11
KRAMA,27489,7,2017/3/21
KIZAL,11479,6,2017/12/15
Lady,113527,10,2017/11/10
miNari,23417,5,2017/1/18
231,8463,18,2017/5/26
bloodyhellfire,41200,9,2017/5/2
Rosenritter,48125,6,2017/7/8
WHASSUPDUDE,34040,5,2017/4/15
Showy90,42250,10,2017/8/9
JACTATION,15978,4,2017/7/15
Mr_Choi-,54194,12,2017/10/8
Douy1969843NB211,157215,18,2017/6/20
0206scv,85339,7,2017/5/28
KilllU,120561,6,2017/3/28
Bubby,7538,9,2017/6/30
EndingLife,65161,10,2017/5/18
ASH1,14736,9,2017/12/4
DragoGo,17854,10,2017/12/3
Yuukid-,22537,10,2017/12/27
therous,2231,8,2017/1/20
Sayaplayer,23437,9,2017/9/1
Macadamia_,49802,9,2017/10/7
Xndy,19080,9,2017/12/27
MANGOSS,26908,12,2017/6/12
JaeSuoo,24562,9,2017/8/7
LegitRift,3813,10,2017/2/15
Goul,605,12,2017/4/30
Stab,581,7,2017/3/11
PoltHoliC,15246,9,2017/6/16
TakeaLOOK-_-,115428,10,2017/9/22
MonStaRtv,84282,10,2017/12/25
Mobe,4392,1,2017/12/9
cherrymelon,14663,6,2017/7/31
cocorou893,14881,15,2017/5/27
dubidubab,104473,14,2017/9/20
Drunk,6849,15,2017/2/2
ultraztaR,22572,15,2017/8/29
nodsye,31627,13,2017/2/19
Jazn,214653,13,2017/9/14
TheTwoEGG,131816,9,2017/7/3
HoU_TV,32875,14,2017/4/26
bigboss0123,36361,8,2017/8/9
babycorgidully,53612,10,2017/6/5
Ceelogreene,21221,15,2017/3/25
akanimo,147833,11,2017/11/27
asholer,6701,1,2017/8/10
diGixTV,11341,14,2017/11/18
NotN,14799,12,2017/7/29
jey5042,9753,13,2017/11/10
Focusing,6409,6,2017/2/25
monokuro_boy,138358,12,2017/8/18
LightFE2,63738,5,2017/4/4
YOUNGDAE,24853,8,2017/4/8
Jack_Bossssss,208813,27,2017/7/18
PPUNIT,9439,13,2017/5/3
nopnop,10503,12,2017/2/12
O2nd,44963,2,2017/3/21
Q-qun_624442419,125814,17,2017/11/4
DizzyLT,13354,18,2017/2/23
jongwook1993,29332,14,2017/3/2
KOOKEE,48640,12,2017/5/29
dockdock,204661,9,2017/12/30
Lastpak,6198,15,2017/7/29
Takeshima-Japan,118275,12,2017/7/28
q---q542763214,103145,12,2017/9/5
sixfour,9051,12,2017/9/12
kuwoo,30724,7,2017/2/3
xiaobaolei,151178,20,2017/3/19
HuhFeh,44100,8,2017/10/12
suncheon,34677,6,2017/8/19
KissMyFeet,15902,4,2017/10/21
poti913,15855,9,2017/5/16
BoCrazy,40469,15,2017/12/16
B2at,11624,7,2017/12/15
Jindokgae,15202,11,2017/4/26
Triple_T,141815,9,2017/12/20
thswlsdn1,8542,7,2017/8/25
AndyPyro,677,15,2017/11/13
Strahovski,2441,5,2018/1/22
zeartul,101251,8,2017/12/6
ItsImBaBimBa,35062,10,2017/4/6
kimPpakku,23997,7,2017/9/26
SaberStar,188623,7,2017/8/31
KHIKKEN,176516,8,2017/5/23
Fiji-Jisoo,210133,7,2017/9/24
GugU-,70025,11,2017/8/25
NinjaKappa,1371,16,2017/9/13
Tw1tch_ArmutTV,6274,18,2018/1/3
AJaeBBB,31652,10,2017/10/18
InfernoRP,3158,12,2017/2/23
F1Lotus,159629,11,2017/3/24
KOR_Faster,81125,4,2017/11/9
Ezys,5620,12,2017/2/19
CSaL94,96858,10,2017/10/1
Blackteil,109077,9,2017/2/20
LayMond,50174,11,2017/8/1
Hohmann2,47925,13,2017/10/19
BIG_Paa,201578,9,2017/7/13
Daak,17937,20,2017/6/10
charisma-,176805,7,2017/12/24
ollywood,20379,15,2017/7/17
gobattle,71678,10,2017/9/1
Kichana,133926,17,2018/1/20
aSavage,194507,16,2017/9/6
Sc4r-,124161,14,2017/9/7
Mediccine,191388,7,2017/7/14
C9_Sweaterr,2537,9,2017/7/22
Mujun_Rasen,12718,10,2017/9/13
sinssonic,45405,8,2017/8/21
MickeyLee,65559,2,2017/8/6
Beanz168,26460,8,2017/11/28
DREAMTHEORY,14122,11,2018/1/22
sellfish,41428,9,2017/5/24
HonMonoCHunsung,218264,7,2017/7/7
MaoZedongPIG,158468,12,2017/3/19
ZirouHirou,32424,13,2017/2/16
Leafeye,2251,12,2017/3/21
tbd84,83300,12,2017/4/24
choubaguai,52734,11,2017/10/16
Berth-Orange,217407,4,2017/11/27
ssabgosu,21837,8,2017/9/29
Dyure,162986,6,2017/11/19
exerrror,6653,13,2017/6/8
Fuzzface,1692,14,2017/9/11
Kimmisusu,30803,14,2018/1/3
Brownie77,16144,12,2017/8/9
nyangvet,45200,7,2017/8/2
Gettwo,169642,8,2018/1/13
CURIOUS2,136342,9,2017/6/15
shw08200,145213,12,2017/1/19
Borg,12257,23,2017/3/27
DuyP,176612,15,2017/8/29
KOR_ULTRA,147585,8,2017/7/25
POTAKA,47173,6,2017/8/15
pride_xd,825,17,2017/11/26
Vandii,6711,12,2017/7/11
Evan_Ace,54066,6,2017/2/11
Blaise,22322,11,2017/7/10
NankaiYoshikazu,145801,8,2017/7/18
ekkz,13063,19,2017/8/24
Amorem,80586,11,2017/4/28
MENT5,158847,6,2017/1/11
HanHo89,164922,7,2017/5/9
Strixxy,26574,15,2018/1/8
R-point,36346,10,2017/6/13
Kor-Conda,41822,8,2017/12/6
Raengwc,187548,12,2017/10/30
Jose_Choi,146576,7,2017/1/24
Wooki2,6375,6,2017/6/10
FRUSTRATE,109789,8,2017/8/29
Cloth-King,6993,3,2017/11/27
Jarrl,23430,8,2017/2/21
Aitzy,52083,15,2017/12/28
lhs1007,203443,10,2017/2/3
LAMPE,8206,7,2017/4/10
Twitch_Postyxd,55440,13,2017/2/10
haha-hoho,94436,6,2017/3/8
LumiNoll,131568,7,2017/2/4
lyxrN,13054,8,2017/9/29
RonPaul_TV,15648,4,2017/7/8
tapfer,159438,6,2017/6/14
XTeam,154460,9,2017/4/1
X2no,6361,6,2017/2/21
UMR57,154843,6,2017/5/29
Buck_GeunHye,26684,9,2017/1/10
Str1ve,113515,12,2017/1/6
KKAE,6923,15,2017/9/16
TtukbaegiSniper,93761,11,2017/5/13
Shoostah,4331,10,2017/9/26
mini_mao,50581,8,2017/2/18
Move,12586,11,2018/1/13
twitch_masive,37491,11,2017/6/1
OoWaKorea,129410,8,2018/1/14
Hunter_Ham,7227,9,2017/6/24
kimkonan,63556,8,2017/1/26
j4Nsen,42436,13,2017/10/21
Weedsup,127209,7,2018/1/11
The_Venom_Inside,12912,18,2017/2/2
SevenReview,209237,7,2017/10/31
flexyHD,2768,9,2017/11/16
what9HongGiIDong,90348,19,2017/8/14
ruinvalue,172372,8,2017/11/9
CocainTurtle,15432,12,2017/8/14
Herobust,28435,6,2017/3/13
swalkerzje,3125,12,2017/11/9
Genesis-999,18921,10,2017/10/19
DouyuTV1953569,53676,16,2017/7/15
ablazennn,3149,10,2017/6/13
umnbunbun,193906,8,2018/1/4
LOPEZ_28,54067,13,2017/11/26
freXzZz,133070,10,2017/7/1
qq555081,205630,0,2017/6/25
horaji,51487,6,2017/1/20
WAYBEE,24644,8,2018/1/3
CUZ1,8658,6,2017/8/12
SoloTV,52949,7,2017/3/6
Phenol,38459,12,2017/6/15
PacemInTerra,209725,7,2017/1/21
veazyy,15363,20,2017/6/26
Ducky-quack,12666,13,2017/3/20
ChauChau_0709,104283,7,2017/4/17
Nissan-s14,42643,8,2017/9/5
DDDD_,26692,13,2017/11/19
GNuNy,122707,7,2017/6/26
d2ongh,174685,14,2018/1/11
qmhz,102623,5,2017/1/21
ScheMer,9149,7,2017/6/1
KARJALA_III,29925,9,2017/12/12
Etedris,46091,12,2018/1/25
DrDre,45701,11,2017/7/5
burns,21144,8,2017/8/25
Rellaza,24085,6,2017/5/6
twitchSchnkrTV,14613,9,2017/2/18
Adele4,29472,11,2017/12/2
Elaii,51134,19,2017/11/8
FaithBelieve,20427,8,2017/12/30
Jeff_McTrousers,35209,6,2017/2/7
GANGSOON,6495,7,2017/7/14
Raikar,22812,13,2018/1/22
MorningIcecoffee,205162,7,2018/1/23
0Sheep,41426,9,2017/6/24
LACBREEZY,209712,7,2017/2/22
bad_bro,188597,9,2017/8/24
charmm,33379,6,2017/10/27
FuxkingNoob,118869,10,2017/4/9
SNIPERSEO,16603,12,2017/5/14
hirakichi,193788,9,2017/3/25
zwattz,35514,14,2017/10/21
wonshoong,97530,11,2017/1/7
ZloyRusski,6054,4,2017/6/13
Myrgoth,95376,14,2017/11/8
KOR_CHRNO,23441,11,2018/1/8
COKEPLUS,8399,7,2017/5/14
W1nnerW1nner,109238,3,2017/4/14
Calz,1518,5,2017/8/30
rnsflaqh,27542,10,2017/10/14
dogfish,12245,12,2017/9/5
Coverfire,7844,7,2017/3/11
Eom_goon,149903,6,2017/2/25
Viruz,39675,12,2018/1/20
BreaK,1194,15,2017/3/29
DouYu_DaBing,72769,10,2017/3/19
MrPibada,12328,8,2017/2/26
MaenGgu,18124,10,2017/7/22
riversea-,8717,8,2017/10/13
songc,14628,8,2017/5/12
PaCMaN-,29303,12,2017/10/18
fnkylove,3428,12,2017/6/19
Backroom,9168,15,2017/6/2
croocio,210805,10,2017/4/1
unscrew,6458,7,2017/1/23
Sniper-M,149284,9,2017/1/6
T_TIII,51215,10,2017/10/27
machance2,122430,9,2017/3/18
Aron909,75023,11,2017/2/7
Zephoria,50155,10,2017/4/19
eggplant7788,21896,9,2017/12/4
Touhao,124454,9,2017/7/10
superplayerOo,78882,12,2017/2/1
DaoBao,170122,12,2018/1/13
Prophie,15536,10,2017/10/12
Bandit318,4094,0,2017/5/6
Marrymee,30728,6,2017/8/27
ReXnOmP,112625,11,2017/11/6
Mbunny,6383,7,2017/10/21
Vna7777,185251,17,2017/11/30
YY-AK47,98953,9,2017/2/15
Miccoy,28899,11,2017/2/2
bakerman,31838,12,2017/8/6
ANAJJANGNA,19197,8,2017/10/31
Hannya19,98868,13,2017/11/30
ORIGIN2,9707,3,2017/12/13
BBackAiM,109443,7,2017/7/9
Yinyin2tap,111238,13,2017/4/29
LtSly,8254,9,2017/1/10
dbdllbdb,76508,6,2017/11/2
Andles,90062,9,2017/10/21
Goku-zzang,92533,7,2017/5/10
KaiReikiaPadarau,26453,11,2017/6/8
NotClam,14148,11,2017/11/7
SHAKAKINTV,43546,14,2017/3/22
Scoom,1429,12,2017/3/27
marikokami,158203,6,2017/1/27
mangte,18833,8,2017/4/4
Camaro,18081,10,2017/5/25
DouYuTVJacKman,47837,9,2017/8/30
In_The_Heat,1269,10,2017/1/5
hwinn,3396,16,2017/4/22
Yaltank,65352,9,2017/5/18
Realzx,14826,10,2017/10/18
Oryun,119762,6,2017/6/16
Han9inthere,7120,14,2017/2/19
NMKK,13417,5,2017/2/3
FoGenFD,71715,5,2017/5/13
Respawn112,30123,9,2017/8/19
MUKER,12353,7,2017/7/11
alexisonfire,9070,9,2017/3/30
ykah,46942,8,2017/11/7
K130,45976,10,2017/7/17
Waisun,20739,14,2017/10/27
LANsomerhalder,172104,9,2017/3/27
NeoHaoZi,202288,11,2017/7/29
Dogee,81085,6,2017/1/15
Gugufafa,49389,7,2017/6/3
GreenMilk,208013,9,2017/12/13
Mapsin,6718,10,2017/12/29
NALGOSIPDA,176343,5,2017/6/14
Adieu_One-Day,85766,11,2017/10/23
zheming,770,5,2017/10/4
sa_ke_kor,45808,7,2017/10/11
KIGGA,122783,11,2018/1/31
TisDaniel,1638,8,2017/5/23
DEMong,47550,6,2017/4/30
YesBrand,33009,11,2017/10/5
Sheva91,23938,8,2017/4/8
ShiNeR,9238,10,2017/10/16
helloooworlddd,12297,8,2017/2/3
sniperkang,13722,7,2017/5/3
THUND3R__,60445,10,2017/5/13
titep,15320,11,2017/6/15
Overthere86,22773,8,2017/6/16
Fignaldo,12251,16,2017/1/19
ujin,6078,9,2017/4/27
Masive,16696,12,2017/11/28
UUIU,54187,6,2017/11/16
Lazzzzzz,44743,10,2017/4/26
iMossyy,10399,12,2017/6/8
bastos1678,198570,9,2017/7/24
Sun_Flower,49127,12,2017/4/29
GeoSik,19623,7,2018/1/14
HongG,103356,7,2018/1/30
Udaeng,15876,10,2018/1/12
seebooung,146874,10,2017/10/9
SoloJones,16631,11,2017/3/23
SonGot,8596,10,2017/6/11
Daix,23347,2,2017/4/30
travisjs,14146,13,2017/2/6
911Kyle,49269,10,2017/1/30
Austr1N,29315,7,2017/9/12
Clim3x,13467,5,2017/3/2
BabyFox,212939,6,2017/9/2
G1MIN,46546,4,2017/3/19
S2COND,91029,13,2017/8/25
Woo1y,31871,8,2017/12/29
Addramalek,111032,12,2017/9/7
KOR_Cube,114766,9,2017/11/8
Ellen-,107599,10,2017/12/15
K_PENGUIN,47235,13,2017/5/11
TV_XxWifeaggroxX,137809,9,2017/10/2
Han_Ryang,8407,12,2017/6/10
EmperorDysis,103194,10,2017/6/1
LuX-NO,24448,9,2017/3/13
titaniumspoon,8059,6,2017/6/10
Adieu_Alloy,167607,13,2017/7/3
iMeZz,3127,3,2017/6/16
kkttpp,15947,9,2017/10/3
Hunteros,6886,10,2017/2/17
Gigal,53926,11,2017/8/8
qreeu,145816,9,2018/1/15
genocideCutter,7255,10,2017/7/7
VAND,12758,12,2017/10/29
CQMMD,188961,28,2017/3/13
JINUDI,47358,10,2017/4/15
WhiteFresh,97476,5,2017/2/27
Cinque,33792,14,2017/1/8
Jexz,2175,7,2017/6/20
A_nax,6970,8,2017/1/17
jambawe,25454,19,2017/10/15
BL4CK__,40516,8,2017/10/18
X9aa,24523,7,2017/2/18
applesauce4K,16621,10,2017/4/4
BibimBobs,213964,9,2017/8/22
KDYYYYDD,31474,11,2017/6/28
zirnan,215256,7,2017/11/20
Devendeng,108001,12,2017/2/14
Godkimmy,117902,8,2017/9/20
woodong,107122,7,2017/7/26
NyaruZ,5659,12,2017/6/15
Optimusrash,108450,8,2017/2/11
ridl3y,14083,14,2017/12/26
CAD3N,129088,5,2017/8/8
AS_Tassadar,164478,7,2017/1/6
HongYuXingChen,187561,13,2017/3/24
ibiza,1234,14,2017/4/23
KOMACH1,101732,11,2017/10/23
Nopaaa,578,6,2017/1/11
Uimiko,79368,8,2017/4/4
AngryCarp,19267,10,2017/5/3
oVerFit,25922,7,2017/2/12
HuYaTv-LuBa1,128085,19,2017/8/21
Gaxyy,3687,15,2017/3/11
Coogu,32445,16,2017/9/27
BEARonX,16394,16,2017/10/28
SPYGEA,4240,11,2017/11/22
SSukSSak,90268,9,2017/1/31
Floppe,12723,9,2017/10/3
ImBack-GetReady,31468,11,2017/6/13
LEEZLEGAMES,121779,8,2017/2/9
Jindoggae,43299,9,2018/1/1
Thubbie,15749,11,2017/2/13
Blackhola,70318,9,2017/8/12
biEe,22431,13,2017/10/17
ScSMF,122393,6,2017/5/28
Kingmin,41823,11,2018/1/15
Munker,19462,6,2018/1/16
whalenips420,45896,2,2017/7/4
Ancine,117188,12,2017/9/17
Indominant,8939,12,2017/5/26
FantaRice,53497,7,2018/1/22
sPray,177499,7,2017/2/28
LinhLe,95346,12,2017/1/18
Complaens,45393,18,2017/12/3
gochuslave,193946,6,2017/8/2
fre1tag,42120,6,2017/9/27
Phon,23320,8,2017/7/6
Chocoball,202537,7,2018/1/7
LONNO7,206242,10,2017/2/19
WenRouHang,209130,19,2017/5/23
BO0F,18714,1,2017/7/30
Riscxlol,9723,11,2017/3/5
Xeroxkorea,182617,10,2017/9/8
manborg,216890,9,2017/5/13
AXOI,24942,11,2018/1/15
groovykid,29755,18,2017/8/3
ex-AK,212914,8,2017/4/1
XTT1993,134180,9,2017/10/5
Hongbro,213265,6,2017/7/7
Painkillerr,25064,9,2017/7/9
Triangler,68605,10,2017/9/4
Obsessiveness,54088,28,2017/9/13
K2Raynor,14440,7,2017/11/4
LHGMAN,153854,9,2017/7/29
HappypooL,149900,6,2017/11/21
tyrose936,129924,13,2018/1/2
moamoa,21123,7,2017/3/5
NSG-Tyler,153657,9,2017/8/30
KimDoHyung,41967,10,2017/2/1
naver_Kill,160233,6,2018/1/31
Kenshuchu,9140,17,2017/11/16
Leethm,211836,11,2017/1/9
StarTaledBOB,29701,16,2017/9/6
Backsook,54082,11,2017/8/17
Maypiano,24453,10,2017/2/10
Flanderz,24769,4,2017/6/15
HoleMan,63803,7,2017/1/9
Parkjinyong,208908,9,2018/1/30
PUDGE228,171282,18,2017/8/22
PangHyun,20512,7,2017/3/21
keith7369,33446,11,2017/2/21
DDSG,4110,10,2017/8/17
Canchome,193679,5,2017/1/19
H1Zl_SUX,41243,8,2017/3/13
Polaris3851,7311,16,2017/5/9
twitchtv_TheHell,7522,15,2017/2/27
Varong,209308,8,2017/3/24
MIDGO,34330,9,2017/5/13
YoRing,91223,7,2017/11/13
BulldogZ,19728,10,2017/7/14
Vlarthas,48523,6,2017/9/15
quiksilver,2416,19,2017/11/4
Abel,9375,11,2017/6/8
speczer,136377,8,2017/12/1
Lobus,42813,16,2017/1/27
Killer_Flame,146721,8,2017/3/18
Capta1nDaddy,22073,10,2017/10/5
zRwR,21649,8,2017/2/28
Xzq123456,98289,21,2017/3/11
Eljo,23533,5,2017/1/27
Moral_hazard,72412,8,2017/9/6
SupremeHades,22648,10,2017/4/3
Xterminator,113524,8,2017/3/7
oEVERGREENo,171388,7,2017/4/9
taksen,36551,11,2017/7/2
UnknownuserX,33940,12,2017/12/26
SapaQ,32876,7,2017/1/6
JOHAEUN,49700,7,2017/7/11
Liquidz,2126,10,2017/6/12
dogyun,50906,8,2017/9/17
MAEM,85189,9,2017/7/9
QQQQQQ,30205,16,2017/8/8
superdd,86742,7,2017/6/30
seokbiandBeast,22403,11,2017/2/10
StarTail,8420,9,2018/1/13
MGardevoir,58609,8,2017/8/9
GhoStEyeS,5874,8,2017/11/18
KwonHaeTae,214667,9,2017/9/5
ChevChevYo,44239,9,2017/2/20
4602121,23167,12,2017/2/28
Bot_Swag,36791,12,2017/12/30
longya77,205421,7,2017/10/27
Kurumicha,203270,12,2017/8/20
gs668,126184,9,2017/6/5
Dracullia,8523,7,2017/12/17
TanKyun,171558,10,2017/2/8
EdgeHOTS,37300,8,2017/5/27
TGP_wahaha,13221,22,2017/7/2
PigCat,136352,8,2017/1/24
AnuCheekibreeki,27150,9,2017/11/29
Sibainu,115586,10,2017/10/20
SoulSS,199359,8,2017/12/20
LEX1NG,12323,13,2018/1/6
LAVEND3R,30592,10,2017/10/18
FeelWay,48179,10,2017/8/5
Moody,397,19,2017/10/22
Kammy-,29709,12,2017/11/24
benq5,6913,15,2017/7/20
Chagrin_,115376,8,2017/6/2
Koooong,33148,9,2017/9/3
DuWan,64021,7,2017/6/10
alcoco,45390,10,2017/3/11
a_lone,17609,8,2017/1/12
godobj,6145,6,2017/4/16
SSNR,154748,9,2017/4/16
Maron89,130745,4,2017/12/5
SEX-KING-YeonWoo,213942,6,2017/12/18
t0fficz,35174,15,2017/12/3
KingedBruh,17933,8,2017/4/11
Bermuda,213937,6,2017/3/9
hingo_o,79598,9,2017/7/6
Simpletone,101563,8,2017/9/23
chelator,146596,14,2017/1/25
sanshe,113636,6,2017/4/6
AragakiAyase1,218119,6,2017/11/14
LittleFree,145818,5,2017/5/20
Tank446,17214,11,2017/4/3
VoodooG0d,14357,10,2017/7/14
VanTz3oy,126659,12,2017/7/23
rsi404,206485,9,2017/7/26
HwaRang18se,110878,9,2017/8/25
GeniusMAD,19423,8,2017/9/18
Starry91,80598,14,2017/12/19
what9,17540,9,2017/12/4
oSevo,24871,14,2017/5/13
WreckemRob,16536,12,2017/4/30
OhJungJe,115050,7,2017/6/26
leezin,89969,7,2018/1/30
Op_Kim,46615,0,2017/6/23
SWOLE_MARONE,2250,11,2017/12/26
PotSad,75717,6,2017/3/21
JohnVarvatos,31681,12,2017/3/19
Corps777,149901,6,2017/8/4
Teitoku,10664,11,2017/9/15
Rosetta,144924,9,2017/12/26
deathRow,8416,18,2017/10/6
LesClos,28482,13,2017/11/11
youth,30839,11,2017/4/27
HoN_BoYa,159623,9,2017/6/25
Nutshot_au,5766,14,2017/3/11
VinnnnY,117502,8,2018/1/25
ShenShI,215344,13,2017/9/13
Twitchtv-Wizwiki,35463,9,2017/6/30
Drulvert,123140,12,2017/1/14
darksq,47126,7,2017/11/18
hasong,20220,9,2017/3/13
notbenOG,111729,9,2017/7/5
KORmse,15800,11,2017/7/19
BaeLack,11952,10,2017/11/1
Wakano,10640,0,2017/2/3
JazzaTV,10444,14,2017/7/10
Nasang_ONE,101243,9,2017/8/19
ButterToastBoy,133958,23,2017/6/15
SpecialONE___Orz,175619,8,2017/12/7
zhzz--,202380,11,2017/12/17
K4ZZ,29205,11,2017/4/13
Serjen,28455,7,2017/3/11
showking,214931,13,2017/10/25
SingsongPingPong,14605,11,2017/4/15
GGorani,12213,12,2017/4/11
Bicsby,6080,14,2017/10/19
MasterYR,214856,4,2018/1/24
Bahawaka,4044,19,2017/4/22
SilkyMeat,27607,7,2017/1/23
Puzzle82,86042,10,2018/1/22
eLus1ve,18037,10,2017/2/7
Qoong,210813,7,2017/6/15
momento,9209,9,2017/5/6
Arx4,2111,8,2017/2/13
SleepyDog99,165261,9,2017/1/2
NoM3rcy,15113,8,2017/5/16
iGroot,33393,6,2017/2/28
ConGanna,9361,8,2017/1/15
HARIM-,131632,8,2017/6/5
TaeJi,44909,10,2017/10/24
pjkpcs3646,132819,7,2017/11/27
DearAlas,14711,7,2017/12/18
BongJa,79033,8,2017/2/8
Gahzrilla,26054,12,2017/4/29
alohayo,38735,10,2018/1/29
TaRanE,100392,6,2017/5/31
Sharpshooter,200301,10,2017/6/4
fvwsatur,182837,7,2017/3/12
CrysisBoom,12334,6,2017/2/19
Bambia,13305,6,2017/12/3
ShareZa,28745,14,2017/10/9
Flameman,149562,13,2017/11/12
banes,189983,9,2017/3/20
siraya,28179,6,2017/2/19
moondog1,130041,9,2017/5/19
jiwoo,9573,6,2017/12/28
B-B-GO,23777,11,2017/3/20
PanDAtv629312,26952,14,2017/6/16
cidori,182030,11,2017/9/23
MYINNERSIDE,86504,8,2017/7/21
Gandhimeta,46277,12,2017/5/25
Zhaka,29662,13,2017/9/4
JKD00,8161,10,2017/10/16
Dezimous,22466,13,2017/11/10
taiwanNO1,152225,9,2017/12/31
melloncs,27133,14,2017/7/13
PJLee,41714,6,2017/7/25
Maggysay,206761,9,2017/8/25
OdinBro,2800,1,2017/6/13
Rhaysor,206864,10,2017/3/8
LucaEats,1568,15,2017/9/22
GOorDIE,51167,9,2017/12/10
RoryFPS,34689,17,2017/4/2
Trollspider,146206,5,2017/8/11
twitchTVdahmien7,23889,15,2017/12/29
twitchfAwn,4402,14,2017/12/14
BaekryeoN,170223,8,2017/10/19
woka,175584,16,2017/1/29
KillCrazylol,213669,9,2017/11/15
Sumoken,39379,9,2017/6/12
sekhyeon,192810,6,2017/7/3
KnorkiS,35273,13,2017/2/3
hypoc,61120,14,2017/9/22
yangnyumddal,53222,5,2018/1/24
seonwoo-,67519,17,2017/9/21
Art1022,37717,6,2017/1/11
ALANKARUDERON,164467,8,2017/3/4
yachebbang,95801,7,2017/5/14
eDGe_Aus,1758,16,2017/3/24
Hoonkidult,111154,10,2017/4/20
Yeon_,49712,7,2017/1/12
Godhoon,205269,10,2017/4/6
Loosia,25773,5,2017/6/8
ycshenhai,178802,9,2017/4/9
YouGrandMader,149177,10,2017/11/11
korean-bbq,19147,6,2017/3/19
ToveLoGOD,8279,19,2017/4/30
DongsuGod,153090,7,2017/7/27
minimal,159486,7,2017/9/20
iceking999,103296,20,2017/6/7
Nixgom,107513,6,2017/12/17
RekenJPN,42119,11,2017/9/29
kuberin,19727,10,2017/10/21
Audrey,143213,9,2017/4/6
ParkJae,181923,7,2017/10/19
lGinGeRlKinGl,127881,10,2017/7/17
Yowi,168846,6,2017/12/12
xeno2k,78379,10,2017/12/18
Animalstatus,13667,10,2017/11/25
dogchob,100045,5,2017/10/28
Jokerl0_0l,171039,11,2017/1/18
static_int_main,183311,9,2017/6/26
zNie,182910,7,2017/6/1
Mapo_,24515,6,2018/1/21
Albert52777,149609,6,2017/5/24
IGNz,126354,14,2017/4/7
tmdgus982,53720,12,2017/9/18
tmtmaster4life,21747,8,2017/1/20
ThisisDragon,9409,6,2017/9/19
sprEEEzy,3102,13,2017/2/20
B_Raven,21570,8,2017/12/18
SHACO-_-,12559,11,2017/6/20
Gusang_,101710,9,2017/3/3
SangHyuns,12296,9,2017/11/5
Demon_ni2,3003,8,2017/12/16
boysfighter,35608,6,2017/9/18
OINK_OINK_OINK,104084,6,2017/3/18
donttouth,43374,6,2017/7/4
yukatus,115172,4,2017/1/25
Quickes,2770,11,2017/8/31
3tButz,55,16,2017/4/7
Stylish_Noob,2935,15,2017/3/4
PeakN_,30186,2,2017/10/6
STar-man,106897,6,2017/8/21
miggeLz,33385,16,2017/3/7
realfriend_kyu,9509,11,2017/5/26
firehit,208945,11,2017/1/24
DayK,192042,6,2017/12/5
HuYa-WWW-CNXZ-TV,46896,22,2017/11/18
LanCe10,192514,6,2017/2/23
Jessuu,212887,8,2017/4/21
JiangHJ,173356,11,2017/10/14
enchant_,16055,3,2017/11/26
glmjohn,171783,9,2017/4/16
iNsaDoL,12984,13,2017/3/25
mar-bling,212533,5,2017/5/16
boboina,2771,13,2017/12/18
ikillme,29619,9,2017/6/30
Fondue,137734,9,2017/10/31
Goran1,210306,10,2017/3/26
Rabbit,38371,10,2017/11/5
Connelly,26657,9,2017/7/7
times,41938,16,2017/4/2
HULK-_-,39022,6,2017/12/25
Renh,28221,11,2017/5/26
KyuMin_Hwang,165691,7,2017/5/23
asdzxcyy,213389,12,2017/3/29
ktf3446,89902,8,2017/3/26
Merald-,29299,9,2017/1/15
Twins,134336,6,2017/6/30
LeeJinTen,36541,8,2017/7/27
URIAGE,7049,6,2017/3/29
ggone,24571,10,2017/1/16
LebronsBBC,27141,9,2017/8/26
IDEADEAD,32724,6,2017/5/13
xxxxpppp,24017,14,2017/7/11
DOBINIC,113866,7,2017/2/21
All-Master,182007,8,2017/6/21
KingJonesGaming,127360,8,2017/3/28
Wheatlay,9892,9,2017/8/8
prihit,211627,5,2017/2/9
xXxSoMeThAnGxXx,28,13,2017/3/11
Vanquish-,115501,7,2017/1/28
DarkCloud0421,8402,9,2017/1/4
Titanium-22,150750,6,2017/10/6
wnsrlf55,8963,14,2017/2/14
Dubai520,39531,26,2017/10/15
MOONSANG,3659,13,2017/6/29
PEPSII,178317,7,2018/1/20
BayControl,33930,8,2018/1/13
GGRG,209691,5,2017/1/25
Jafet,10741,15,2017/12/30
Frosteyy,20024,15,2017/9/16
DalJae,15780,10,2018/1/27
kam1916,10707,11,2017/11/15
KisID,71238,8,2017/11/22
ProfileNGG,161066,7,2017/11/29
kor_stormchaser,6079,5,2017/1/15
BreezeShin,39734,8,2017/3/17
MAVnyan,117193,8,2017/1/3
Van_Shadow,63705,5,2017/2/17
Isuck,3109,7,2017/1/5
ZondaCR7,178406,4,2017/1/22
Infamousss,12381,10,2017/6/29
BESSER,162185,10,2017/3/10
outc1der,907,13,2017/9/23
Gill911,95787,0,2017/6/4
GenX_Eve,214665,7,2017/3/30
daejangnim,90477,5,2017/11/23
KSnKickstart,80807,13,2017/3/29
SSAMBOKOREA,163307,7,2017/6/9
Khar_xP,5227,8,2017/11/22
JakeLim,137035,5,2017/12/5
Katarina-,30445,7,2017/8/16
DalSam,76574,12,2017/8/5
BBongNim,208094,9,2017/4/9
Code4,127877,8,2017/9/30
MOMOMING,96586,9,2017/5/18
KillarGas,179204,7,2017/7/21
Coin__PEACOCK,11588,8,2017/2/4
HoloH,181299,7,2017/10/12
GodSungHyun,139087,7,2017/5/17
Magarita,38321,8,2018/1/13
ABAB,14033,12,2017/7/20
Stahli-,17172,10,2017/10/7
JJUP,47396,8,2018/1/21
Civic_KR,8728,7,2017/2/19
blackoutnz,89469,13,2017/10/13
Ronan_,13092,9,2017/10/17
Jeeswoosh,33154,7,2017/11/13
SOLT,85233,7,2017/11/10
SANJI,43746,11,2017/12/24
Nolazo,11445,12,2017/9/30
Gonea,207410,10,2017/12/24
Lnfo,44812,9,2017/6/4
Duckk,4420,10,2017/2/24
blaiZe-,12987,21,2017/2/9
BadKing,23856,10,2017/3/4
Handohyun,71642,6,2017/8/8
Alpha90,211038,10,2017/12/10
sikoraKnight,210731,11,2017/12/11
LaytoN,511,7,2017/6/5
ChairOnMattress,14004,9,2017/6/11
P0lak,5385,8,2017/1/3
DevistilteD,2270,11,2017/3/18
PizzK3,12883,9,2017/5/19
GloryJean,1233,8,2017/2/7
TwicePanda,101353,11,2017/5/4
westsidekimchiga,194951,5,2017/6/21
anekisign,119780,10,2017/6/28
Scurry9,14366,10,2017/11/10
Velfox,151391,11,2017/3/2
joestudio,14162,11,2017/7/26
RaptoRdaKing,37658,8,2017/2/8
Znowa,38773,10,2017/9/16
Alfraid,208511,8,2017/6/2
YongBBi,60952,6,2017/2/9
HB-1988,48314,11,2017/1/11
tomokiti,200314,9,2017/6/26
HYPERRUSH,121396,6,2018/1/26
doublelife76,31178,8,2017/5/25
notadeveloper,15960,8,2017/9/18
RElS,52672,15,2017/2/13
Zach_Spade,27678,9,2017/3/18
ARCE20,176376,13,2017/5/16
lastmarine,15086,8,2017/2/28
SuffleKing,212530,7,2017/12/19
Giwoni,209249,6,2017/3/20
XXXHHHEEE,165821,14,2017/8/30
Axenix,5763,9,2017/3/14
TG888TG,20529,10,2017/4/7
S_GRM,213413,7,2017/5/26
hamizzz,53555,10,2017/1/10
p-kiyong,12526,8,2017/2/18
Negan7,183742,7,2017/2/7
JW92,2458,19,2017/7/3
overclasskr,129981,11,2017/2/22
0kin,34716,15,2017/4/8
Ji_Hoon,92670,9,2017/6/3
Not-Today,206537,6,2017/12/12
KidCody,30122,10,2017/2/3
Gaeun,100633,7,2017/5/11
Champzzzz,19756,12,2018/1/28
hooyaa,9139,7,2017/7/19
baboggggg,26806,18,2017/11/27
lovendead,11036,11,2017/7/29
CornP,189285,6,2017/3/8
CrySheep,49924,11,2017/4/16
KRNero,118872,9,2017/6/5
YOLOlife,97556,5,2017/8/22
FuckUrFace,86818,6,2017/8/3
AOHSIBAL,165977,10,2017/11/2
G_Loomis,33353,12,2017/12/28
ForLikes,102764,8,2017/9/3
k0ndey,40680,17,2017/12/28
LosHD,28374,13,2017/9/17
tmtn,9524,9,2017/10/23
VfxTV,27677,7,2017/6/22
darkmatter666,164791,11,2018/1/13
ECLAT,33585,7,2018/1/13
sson93,88576,3,2017/7/4
DeepMoon,21202,10,2017/6/17
Olent,5221,14,2017/3/28
Sayul,165717,12,2017/6/23
Malak3zas,35009,9,2017/7/30
hz5673,3831,9,2017/7/7
sonaa,16047,10,2017/4/28
SheroNZ,35537,8,2017/1/29
Sorahb,32826,18,2017/4/8
N0NN6,39540,6,2017/2/20
Houhyung,8520,3,2017/6/30
Sigan,51424,6,2017/11/26
DouyuTv_ej6,13222,12,2017/10/11
Thagen,25942,10,2017/8/27
madebeifeng,51297,17,2017/2/7
Abdi-,23076,15,2017/1/20
VocalK,47618,8,2017/11/27
R3s1d3nT,178788,10,2017/8/28
RenDhark,152233,8,2017/10/10
Elly-,108049,7,2017/8/19
DI_DI,6292,8,2017/11/9
WT2014,155365,12,2017/3/9
legendTV,13055,11,2017/3/20
cprs,171247,12,2017/9/3
Twitch-1am_Shin,9790,7,2017/9/13
kickass_,166417,7,2017/7/7
CTAEK,46647,11,2017/2/27
Shoebill,37029,11,2017/3/13
Feelkhl,95215,5,2017/7/9
Jin8,124942,12,2017/7/23
orangeDringk,37983,6,2018/1/16
SeraS2,108831,6,2017/12/12
Aotem,40280,10,2017/3/20
KOR-GODLEE,6175,6,2018/1/4
gochu,5722,9,2017/11/21
SpandexLord,33858,17,2017/8/5
kimmai,189040,9,2017/4/9
sn0w-jk,8437,10,2017/1/27
jineuy,132426,7,2017/9/15
Korea_Zombie,182674,10,2017/7/31
RedOrk,9601,4,2017/5/9
theSKoT,7640,8,2017/6/9
Gaudrun,158546,10,2017/7/30
S1mpleeeee,8062,8,2017/2/2
Blu3on,22524,9,2017/9/19
LastForAll,15276,8,2017/2/22
DongDongNim,32952,5,2017/4/27
Un_named,36649,7,2017/6/16
hotsoju,44340,9,2018/1/21
nyangbe,70190,8,2017/11/9
lukcyrabbit,14106,14,2017/7/7
Ggro,167487,9,2017/10/31
BluffRabbit,34549,6,2018/1/20
BeeGlee,217211,6,2017/7/9
GIGABYTE,92461,10,2017/8/7
ZeR0_Xia7,218118,8,2017/10/24
ulreka,44972,14,2017/4/9
Helfen,94488,7,2017/7/29
Minervaa,53484,7,2017/12/16
Yomoma,6252,8,2017/4/14
RakunGuri,46407,9,2017/7/11
TenderRooney,51800,6,2017/10/18
BandKamp,25160,9,2017/8/8
Bartsimps0n,16150,10,2017/8/30
JimmurTV,420,10,2018/1/7
Cnin,36226,13,2017/5/10
pointman123,133565,12,2017/4/1
GhostMutt,214588,13,2017/7/31
BeekHEAD,212776,8,2017/7/26
CloudTail,3618,9,2017/7/29
xc1996,54280,13,2018/1/30
Ponytai1,47118,14,2017/8/12
gwanggang1,117453,8,2017/9/6
K-Force-JY,166799,7,2017/7/28
choamim,180485,6,2017/9/13
gooddday,8572,6,2017/4/19
Skankly,161772,10,2017/3/10
shly,34692,14,2017/11/14
taiwannumone,164923,5,2017/12/30
teunteune,93335,5,2017/12/21
Presto0w0,108562,8,2017/4/28
KimchiMaster,61181,7,2017/10/15
Rhaul,14840,8,2017/5/31
BiG_T87,26546,11,2017/7/4
k-max,98933,7,2017/4/1
5pic,155808,3,2017/10/28
Mingyomi,29916,6,2017/8/24
Pocky1,166638,6,2017/12/29
wellmade,49166,7,2017/3/21
DeGloo,69935,7,2017/5/5
YangCong1214,138668,22,2017/6/24
tipsyfiend,2228,9,2017/12/16
iamcepe,82958,11,2017/10/20
LickMeAss,180421,13,2017/2/6
yooooooooooooooo,101466,7,2018/1/16
rG-papaya,133574,8,2017/11/17
Judelaw,130626,6,2017/5/22
dAhun_,130674,6,2017/1/15
GaybarClient,6291,7,2017/3/28
ZzuZzu,33729,6,2017/4/4
JumpyC,4433,18,2017/7/21
Velnes,300,10,2017/2/2
Korin,78732,10,2017/2/22
Mad_T1tan,4382,9,2017/10/13
LowJ4X,22566,10,2017/9/6
CoyotePro,50408,12,2017/2/2
Hostylz,86605,11,2017/1/16
SeoRyi,173201,7,2017/10/18
XPulZ_R4phY,9644,11,2017/2/23
Untouchab1e,210145,9,2017/7/22
Taburks,176166,11,2017/1/11
leafsin,181053,12,2017/9/1
shuri,5142,15,2017/11/9
Zhuobaba,99976,19,2017/4/25
101001,6232,12,2017/4/19
Eniks,21736,10,2017/7/3
Pino-NTK-,50686,12,2017/6/30
Lashar,28818,6,2017/10/28
MCKunny,53267,7,2017/8/25
BBanyan,114518,12,2017/7/21
GangPin,143637,6,2017/11/3
SpiceMaster,127658,14,2017/1/30
Cat_Rain,36579,8,2017/9/1
NottinTV,6845,9,2017/10/13
Zodyak_,41025,12,2017/9/17
KOKUKU,132421,5,2017/2/12
FATER,136979,15,2017/8/20
M_G_MiraGe,124486,7,2017/11/10
KOR_ISEEYOU,182776,9,2017/8/10
Amagingkorea,18221,10,2017/3/24
Jerry4,110877,6,2017/1/11
DilkSAmmer,29922,3,2017/7/16
ichbii,17494,4,2017/7/27
cocain,9981,5,2017/10/19
NimJaBiJom,174932,9,2017/1/24
DDDang,208719,9,2017/5/22
LCHLCH,164258,7,2017/6/10
Nasuhdede,153996,4,2017/8/8
Ssay,21824,11,2017/4/19
Rog_Valeera,77072,7,2017/6/26
koreanpunchBisu,109566,6,2017/5/25
OuTLaWx-,17212,9,2017/3/4
ColdBell,13293,8,2017/6/25
MidHeHe,7680,5,2018/1/4
BRTTEven,169041,13,2017/2/28
Gullduck,145661,10,2017/7/15
Leerg,135151,10,2017/9/8
Vitusha,53776,9,2017/1/4
Dirty187,19273,10,2017/12/24
Howryou,159037,8,2017/4/24
Huldo,192336,6,2017/3/5
HugoMaximus,26081,14,2017/8/18
37709pandaTV,117499,11,2017/11/23
MuGi404,47070,5,2017/1/7
TunaZzang,37391,6,2017/9/22
kimmohee,153361,7,2017/1/21
Huxonhuxon,210134,4,2017/10/6
LuvChuChu,138393,10,2017/7/18
OMFJesus,33293,0,2017/2/13
DOSA,177635,6,2017/12/22
LeeSeungHyuk,7385,9,2017/7/18
MaximillianVoss,36461,9,2017/5/30
PrayBlack,90534,9,2017/8/9
DjDaQ,109003,9,2017/10/25
OhmyEyes,7318,8,2017/1/19
Esqwind-Bis,12430,9,2017/9/11
boundShoot,175062,6,2017/12/10
FrozenKaya,22959,6,2017/1/30
EckHarT,25824,8,2017/1/26
JackedUpJonesy,18541,14,2017/3/19
mizox,40074,12,2017/12/1
Anacher,107166,10,2017/1/26
Ricenz,179636,11,2018/1/18
MrThugnasty,19415,7,2017/6/18
HANDSOMEOGO,99300,11,2017/6/6
CestLaBie,34658,8,2017/11/7
JongSeok,41717,6,2017/10/4
Bl4zt3r,205110,10,2017/6/11
UNbl,150000,9,2017/2/5
pacidae,13677,8,2017/9/22
Italliano,2193,11,2018/1/19
YellaFella,19554,8,2017/1/6
Anonymous,7992,12,2017/6/23
KongCain,211796,6,2017/8/11
WOO-DRAGON,7184,13,2017/9/20
Karalius,7237,10,2017/12/1
IIIIIIIIlIlII,91289,8,2017/8/22
Back_gu,46643,6,2017/1/12
Zonji123,11854,19,2017/5/9
makohachi,169652,9,2017/11/10
Satanclaus,4394,2,2017/1/1
esper0h,178035,9,2017/12/4
Smithy97,45838,17,2017/12/24
YakouLamperouge,195355,5,2017/1/2
zumTUBE,17333,7,2017/1/27
fatal1tyFPS,13729,8,2017/5/8
GochuChamchi23,20381,14,2017/6/17
Muerte188,48819,18,2017/7/26
PanzerKnacker,22414,11,2017/1/18
ajorare,157913,10,2017/4/14
Lu-dus,179762,7,2017/9/2
heymin2,34744,7,2018/1/15
kopikio,214113,9,2017/12/24
Koliup,15055,5,2018/1/4
ajaeno1,14009,4,2017/8/14
ujzz,2275,8,2017/3/24
kongseed,172850,8,2018/1/10
MustHaveLoot,30479,18,2017/7/6
lilyspy,12993,5,2017/3/11
7Teen,75400,12,2017/10/7
lsy_KR,133271,8,2017/5/7
haapynaru,38993,10,2017/8/25
yourbliss,171901,7,2017/7/16
Sensation_JiNu,20719,10,2017/12/19
InForMerSense,12547,1,2017/7/5
Goldnecklace,44334,11,2017/6/21
Awer,15913,10,2017/1/7
LastJUNE,162729,5,2017/10/21
Redeld,130413,10,2017/8/24
Miserion,44825,15,2017/5/14
CumOnAss,45481,8,2017/5/2
DarrickS,157651,11,2017/11/23
SpongeBobP,126255,12,2017/4/10
HOBIMAN,12110,9,2017/4/12
moonhalo,183035,10,2017/9/26
YangChunBong,155427,6,2017/12/19
qun564730114,119527,22,2017/3/23
Lasoya,22468,0,2018/1/30
Mandu312,44859,6,2017/4/28
GHOSTOT,175098,3,2017/10/31
AidreN,99153,16,2017/7/12
Kimi,203951,9,2017/7/16
Wackou,12921,9,2017/1/21
TaeHwan11,13113,6,2017/1/27
Assemble,41995,11,2017/12/7
KPK_Aqua7,14928,0,2017/4/4
GODGYUMAN,116975,7,2017/3/22
ChimPanZee_,92308,9,2017/8/7
davinchaa,115354,8,2017/10/10
lvqi,165698,10,2017/6/7
calmly,12351,7,2017/1/27
DIVE,8002,12,2017/12/14
DDNS,172112,6,2017/2/10
Killernhoc7,8106,11,2017/2/5
Devil7,10476,7,2018/1/22
PhenomenalX,66115,12,2017/12/20
Alsk1103,137716,6,2017/3/8
MecEE,124327,10,2017/8/27
aimPR,25572,13,2017/6/24
WakNitto,14484,9,2017/1/25
fckhos,128589,7,2017/7/5
SRM82,217203,6,2017/2/22
Renyah,5520,10,2017/7/29
JANGKKUL,214119,5,2017/3/15
Norwegian,144682,6,2017/9/24
Taldnf,97610,7,2017/12/23
WangLaohu,18663,10,2017/3/4
Mangx2,156055,8,2017/12/23
9179,21892,5,2017/5/12
thomas_1,93479,6,2017/3/2
Black_Orange,109444,8,2017/7/13
Taco,28096,10,2017/10/18
LazyMIA,176528,13,2017/6/20
Haeng2,33788,6,2017/10/29
gw300xl,52448,3,2017/7/14
PRONUBI,157212,10,2017/6/23
yosoroo,117451,8,2017/11/9
kan6396,46436,11,2017/3/14
Sanejkee,159740,2,2018/1/20
sdeva,41561,10,2017/7/5
FaSongSong,212681,6,2017/5/20
ORIGOD,87087,6,2017/8/10
Jeeeeeesus,48526,11,2017/8/2
Sw1ped,15161,12,2017/6/5
iceshooter,142232,7,2017/9/28
B22NCENT,33414,9,2018/1/17
DONGHYEOK2,47622,14,2017/10/25
JANNIFERLAWRENCE,10271,11,2017/7/11
TohokuZunko,130374,14,2017/10/26
lljk_cubed,17253,7,2017/6/3
UncleZhang3,40939,12,2017/12/18
Six13,48879,29,2018/1/4
Nakizaki,51137,5,2017/1/31
5JAEDA,129537,6,2017/8/1
huffola,21267,11,2017/6/5
Rainbrain1231,36648,9,2017/4/1
RoverLee,33209,13,2017/12/22
Ryanheart,95647,9,2017/1/11
Robert,46687,8,2017/12/20
KaLoo,209173,7,2017/12/15
Wabster,57105,10,2017/7/12
2SHKingSlayer,72552,11,2018/1/26
GareBear_XL,21349,3,2017/5/5
Merlin,139,11,2017/3/29
JuoK_2,44849,7,2017/3/19
Luxiva,5312,12,2017/9/30
CodeNameValkyrie,48425,8,2017/1/28
HeeHee,101873,15,2017/6/19
King-of-Kings,14491,12,2017/2/11
SSOONJA,212881,9,2017/11/30
sneakyAzraeL,20913,16,2017/1/24
BeatifulGirl,160704,12,2017/4/17
STORMCREAM,28189,6,2017/4/23
pKez,111937,11,2018/1/8
ringomoti,15668,11,2017/6/6
Big-Ass-PaPa,17211,8,2017/9/14
Spy_back,12152,9,2017/3/10
chickenagent,6629,8,2017/3/31
GoD_BiggY,72405,8,2017/5/10
KuroTsume,160653,15,2017/12/26
cosell,164107,8,2017/5/16
6IXTY9,35092,9,2017/7/30
HonorCitizen,79043,8,2017/11/13
jackjim,108987,8,2017/1/6
blue-whale,49245,8,2017/1/16
Benc,197369,9,2017/3/12
BB_ONG,103674,10,2017/11/22
grun108,29195,6,2017/11/19
DM2041,50554,10,2017/2/1
MasterAna,182775,4,2017/7/22
Jasper-,6024,6,2017/11/9
ToBe0rNotToBe,24897,7,2017/12/14
mongg,24332,7,2017/10/14
HI_Kenzo,121500,6,2017/3/31
KimroC,8588,7,2017/11/30
LeeSC,213436,7,2017/10/27
IbinRa,132190,5,2017/10/13
Legion_XIII,18054,8,2017/3/11
YoungSammy,98441,7,2017/6/20
Kr0ne,211804,7,2017/1/9
AIMOO,15053,7,2017/7/3
eylice,127759,7,2017/3/26
KUN1234,6468,7,2017/10/12
AfterTheEarth,134663,8,2017/4/15
WREKT,26104,15,2018/1/26
AiQiYi_TVxinxin,175553,18,2018/1/26
Superman123,46500,7,2017/7/19
7Div_Slayer,215148,9,2017/9/29
Courtyard,28550,12,2017/8/16
casman_squard,18628,0,2018/1/29
tyapatu,39380,14,2017/7/11
1.00E+15,159095,11,2017/7/28
Papaya007,11865,9,2017/12/19
Myrial,78589,9,2017/6/25
sapsaree,176249,8,2017/11/11
Hwanyy,207446,11,2017/7/19
Martin-,36069,10,2017/6/17
DduraDdia,15899,10,2017/6/23
KayOnTheRock,90587,14,2017/12/4
A7sKon,138375,9,2017/1/11
GatiImo,39344,13,2017/6/3
InYasio,210067,7,2017/10/19
hyun05290,192528,6,2017/3/4
OARZET,24569,9,2017/6/30
BBakDol,101780,9,2017/5/4
wookMan-kor,21199,6,2017/1/5
invinciblelee,165072,7,2017/7/17
LeeGo222,99509,18,2017/5/22
Roricon,130726,9,2017/1/26
NuuLY,131557,11,2017/1/28
Tumblin-VX9-,18737,9,2017/9/11
UGUchan,97613,6,2017/1/13
JamesKurk,48814,10,2017/6/19
SPIDER7,133067,13,2017/4/28
1SHOT1KILL,21585,2,2017/7/21
KukDas,157265,5,2017/6/18
Leandro_Lo,37275,7,2017/1/7
Stickydude1,8159,10,2017/5/7
Narcism,43751,7,2017/5/12
BooDoo,13867,12,2017/5/30
mArsH-_-,9241,8,2017/9/14
dubel,92983,11,2017/12/8
Angelae,205922,7,2017/2/14
HypeRNT,27198,12,2017/6/18
YangYong,131766,6,2017/4/17
Milk_master,98488,8,2017/9/3
Pdragon,217725,9,2017/4/16
DOUYUTV-hunzi,120860,13,2017/12/3
sess1ons,136637,9,2017/1/24
KayaRan,214060,7,2017/11/23
BuyTheChicken,23322,11,2017/7/23
Cuhris,4327,10,2017/8/16
WIN-TER,66837,4,2017/8/9
Sierra_Club,201125,8,2017/10/31
neopart,101699,7,2017/6/11
RoGoNGoD,41775,9,2017/5/19
Masterus,32186,10,2017/8/2
TAZZNAP,49473,7,2017/10/13
Ajuseegajoa,213805,8,2017/7/9
KlausHerberth,117739,16,2017/10/4
Langeeeee,189279,1,2017/9/19
BegForMercy,8108,4,2017/2/16
Big_Picture,167104,11,2017/7/5
SeoulTech,13150,10,2017/8/29
iamhellbringer,101655,5,2017/8/22
FiredEgg,176613,10,2017/2/11
junkyhead,118290,7,2017/9/17
wazzupi,32851,14,2017/11/10
adadadadqeqe,13530,13,2017/12/19
fantasylily,12304,9,2017/2/22
Aka-crazy-dog,28811,8,2017/10/22
keycha911,21698,8,2017/2/2
AIMLUL,7753,10,2017/5/22
IamCIBUY,162429,7,2017/12/22
wassuphong,26642,10,2017/6/11
Aleor,68030,7,2018/1/31
Jokkiizz,13444,5,2017/1/18
1ceman,184735,7,2017/6/9
Draedon,28063,17,2017/3/7
KimZS,5902,12,2017/6/14
YANLIYU,188308,12,2018/1/23
Dominix,218663,6,2017/8/24
VsnT,22472,11,2017/8/12
T-Angel,46290,7,2018/1/23
BILLON,26497,9,2017/2/12
cubze,145639,8,2017/10/18
CraigBoone,103144,6,2017/5/11
OwlPpaem,97058,7,2017/12/23
t1ntin,15577,8,2017/6/20
Yangpa,39150,6,2017/12/28
ZOOREUM,108097,5,2017/2/12
meshstockings,210919,7,2017/1/12
GOGUMA12,15728,8,2017/8/21
ViOla-,4467,7,2017/1/10
Nomuddang,50757,16,2018/1/10
SaltySally,38193,10,2017/3/19
RushAttack,170030,2,2017/3/9
KONE,107003,17,2017/11/17
g_g_yo,5767,7,2017/3/13
Uniking666,166187,12,2017/2/5
SkyOcean,173658,5,2017/4/9
ErminA,47820,9,2017/12/2
Priv8,68250,12,2017/4/18
kism00,179322,13,2017/10/30
AGUMON2,8015,9,2017/12/26
Heerit,4710,11,2017/10/6
uS2Su,210517,11,2017/10/9
pinkgay,14550,11,2017/5/4
SOMDA,55294,7,2017/3/22
youki,115538,7,2017/8/2
EasyToMe,191262,0,2017/12/8
Enfiende,104662,10,2017/8/13
Zirase,138488,7,2017/4/22
sunwoooo,209573,7,2017/8/23
St_R1kkuN,118141,18,2017/2/26
Nhac,42238,14,2017/4/15
JinLee88,112697,8,2017/4/17
SacGul,179830,9,2017/1/15
oo13,161983,8,2017/2/18
SamXue,158603,11,2017/4/3
subslayer,20101,9,2017/5/8
Exer0,69821,8,2017/5/12
mauriti,48991,11,2017/6/1
checkgul,13419,10,2017/1/24
JHR1,23931,9,2017/4/17
bring_it_on,181814,6,2017/11/9
IlII,164918,7,2017/3/22
yossi,71119,12,2017/9/3
ggolim,37146,10,2017/6/7
25rasu,90270,7,2017/1/16
NoSana-NoLife,44893,7,2018/1/26
EHoo,214534,7,2017/10/6
HUNDONG,204296,8,2018/1/19
ToSTte,120567,8,2017/12/12
Punkin_,44554,5,2017/3/20
mmnm,165082,11,2018/1/5
KANASY,6406,8,2017/2/16
Zelendra,12597,15,2017/1/25
Sorken,9507,11,2017/12/15
KimDongGle,7776,8,2017/10/6
qhrizz,100088,9,2017/4/16
Jamren,154396,9,2017/8/20
Gaggu,218003,5,2017/8/24
GGonzo,14744,8,2017/7/29
dickdickdick,36283,7,2017/3/7
Odinz,16264,5,2017/10/15
DEDHOT,136576,6,2017/9/12
TXmaster,49960,5,2017/8/4
CRISTIS,22127,16,2017/9/19
KOR_Aperio,128398,8,2017/12/26
1RoHa_,213774,11,2017/11/28
Xibalnoma,12478,8,2017/3/20
TheKan,122740,7,2017/9/19
Toujours,103307,7,2017/11/17
hamfz,19339,9,2017/3/15
BananaGoesHam,2893,9,2017/1/21
Dane1,15250,7,2017/9/2
Ironmeen,74757,11,2018/1/8
KingToad,8686,4,2017/2/13
BlessOfGOD,150674,7,2017/3/30
ORPHAN_K,28738,6,2017/3/10
macchky,210135,5,2017/5/25
arun8405,133136,13,2017/12/18
Yonsei-Milk,137121,8,2017/4/5
Reffon,209787,8,2017/8/24
JustJonesin,746,9,2017/3/15
ililIiIiiillii,92657,5,2017/6/24
Giuk,131120,8,2017/4/19
Sayidd,156825,11,2017/5/11
m1nd_one,4714,10,2017/1/11
elka,21858,8,2017/1/19
tyo_shat,16225,12,2017/6/16
Killer-K,185265,13,2017/5/31
HideOnPussy,77667,7,2017/2/7
SEMANG,179325,2,2017/2/9
A-Z-0-9,6549,10,2017/7/13
ZyCheNzz,199734,7,2018/1/20
SY_laofei,163565,10,2018/1/24
ver0x,5689,10,2017/1/1
maimai83,216149,12,2017/5/16
FrontOfYou,171068,10,2017/4/24
Sacriel,1480,13,2017/10/19
songse,176055,5,2017/11/13
Einstyle,208723,6,2017/4/10
Filthycat305,27276,23,2017/4/29
steelol,25212,13,2017/5/27
nickelasscrack,79840,9,2017/1/21
Ketsuzai,14265,7,2017/4/24
nmr_0,85781,8,2017/9/19
NOP__JK17sai,158756,5,2017/4/20
ASIFFALLDOWN,63237,6,2017/5/28
MinYiHyun,115527,11,2018/1/28
FishBread,8249,7,2017/12/14
Gratia,27052,10,2017/5/21
DevRa,165111,10,2017/4/11
hinghing,214294,3,2017/10/22
JingleSgrios,106031,9,2018/1/12
ssanQ,122466,8,2017/4/15
Bush_Wookie25,28983,14,2017/8/22
OhSAX,135366,4,2017/8/25
Obang,48892,11,2017/9/7
Peggie,209114,10,2018/1/3
MerryChristmas,179294,10,2017/11/15
TehForz,53154,13,2017/8/18
NightEnduro,210567,15,2017/7/28
Pokech,91606,6,2017/7/5
PandaTV866144,212394,11,2017/6/28
Stoff,33559,11,2017/9/30
KoolzR,34033,11,2017/10/6
XFreedom,208411,9,2017/3/13
Henrikisbest,10371,12,2017/7/8
Substanse,35817,13,2017/7/25
WaiGeol,13889,9,2017/9/11
RUS78,182843,14,2017/8/13
ppikki,67588,7,2018/1/10
David-505,15871,11,2017/6/1
D_PiL,135421,10,2017/6/15
EZDeath777,181631,6,2017/5/2
kaiGOD,48252,14,2017/11/2
imNaDa,194493,8,2017/8/14
EmergencyFood,209096,7,2017/8/3
FPS_Kephrii,44095,12,2017/11/11
GIIN2,46410,8,2017/9/1
Puma,204527,10,2017/12/14
SangGi,19829,8,2017/4/13
DDOYO,147265,9,2017/11/7
Marynat,22840,14,2017/2/21
P0ND,206154,6,2017/12/27
Meeety,31513,12,2017/5/19
GICE,22508,11,2017/6/16
LavenderAA-,218860,4,2017/11/24
ryuji723,50443,10,2017/9/6
YourSoulIsMine,89644,9,2017/2/5
roEhd,45036,12,2018/1/7
South__WIND,181921,6,2017/11/25
Rayjackson,165419,5,2017/7/20
5Dark,46969,7,2017/9/19
VissGames,1811,21,2017/4/30
LsinJ,210886,7,2017/8/15
eMERPUs,109920,8,2017/8/22
AstroHippo,97596,9,2017/7/7
FuryEcho,21055,9,2017/3/15
Merrwine,7607,7,2017/12/14
Heading0613,24540,8,2017/4/22
URIMJIGI,42006,9,2017/4/30
PuReun,8441,6,2017/10/20
DanaLen,33768,11,2017/11/1
Oasis__,8737,6,2017/8/18
Lauris12341,9770,8,2018/1/12
gotembro,155284,5,2017/3/30
Rumia,146005,11,2017/10/27
yutachacha,5335,15,2017/10/30
StyleSeo,26893,10,2017/4/9
winnez,174988,8,2018/1/26
liverfool,217008,6,2017/10/8
AnotherLevel,11741,12,2017/12/21
JyuzoManda,137381,12,2017/7/6
Avenger,23385,13,2017/12/26
PyuL,7438,7,2017/5/8
incognitoS2,71342,5,2017/10/20
goomy_bear,28260,5,2017/11/19
Hellothere0519,27388,7,2017/12/16
WTFcome,215225,7,2017/4/27
uNderDo,212918,10,2017/1/16
soga,12624,7,2018/1/11
YOUR-DIE,196147,5,2017/4/25
BigerThanYour,119104,12,2017/12/10
idude,95893,9,2017/9/24
WithIssaC,82707,7,2017/6/10
AINO,201031,10,2017/7/27
Yah00,11419,12,2017/11/26
WeiGe_XW,42256,33,2018/1/23
RAONS,137879,5,2017/12/22
bbul9,21621,8,2017/10/29
sixty9sublime,5386,9,2017/6/30
DouYu-QianQian,132755,6,2017/7/27
peter-niubi,44749,21,2017/4/11
PONYRIDEREn,23750,14,2017/12/14
Cyldman,4629,9,2017/10/27
Height,60423,9,2017/8/26
BotrytisCinerea,33346,5,2017/2/7
Acetaminophen,130243,9,2017/2/24
DQ_zhun,194941,6,2017/8/28
KOPO_GGULGGUL,8725,10,2017/10/7
PennyS,160968,8,2017/11/6
Gau-Dota2,15012,6,2017/6/14
Kagan-draka,88157,9,2017/1/11
LABseries,9320,8,2017/10/23
ARKHOL1C,14324,7,2017/8/18
Mezalias,10871,12,2017/10/28
DouyuTV261950_XC,214882,4,2017/9/20
Ruisis,57431,5,2017/9/9
JustKPD,10414,9,2017/3/19
s1ow_Cow,113919,9,2017/7/13
Glass_Flare,157198,5,2017/5/20
NavyTeam,159633,8,2017/5/2
DOSLAM,101360,6,2017/8/31
chumlee,13690,7,2017/6/16
Miuuuuuuu,144027,7,2017/7/17
TheSgtEnigma,215429,14,2017/1/11
KingZo-,89523,10,2017/12/21
britz_q1,116435,9,2017/4/25
wangsichu,96935,5,2017/12/23
IIIIllllIlIl,38380,7,2017/7/31
BARRYWHITE,28466,13,2017/6/26
NoIDs,164060,9,2017/8/5
TheExtreme,85144,7,2017/4/12
Kmge,80070,16,2017/11/5
uRbaN09,152482,7,2017/3/10
Jinsoooo,216046,10,2017/3/19
henry_youtube,182811,7,2017/5/13
Pvt_Needham,15494,7,2017/3/1
z_Daen,48863,19,2018/1/13
mansoNw0w,157325,10,2017/12/30
kwonic5808,164260,8,2017/1/27
begme,167439,9,2017/9/21
TalibanDan,181078,0,2017/6/4
Wony,160335,10,2017/8/31
MidnaEat,7010,6,2017/8/12
Rozart,171520,7,2017/2/4
BOGALLER,5693,9,2018/1/27
2inking,132024,6,2017/4/4
CADO_YUL,41739,8,2017/3/17
KRJAMES,150589,6,2017/12/25
Earl_Z_Moade,51408,11,2017/3/15
nngg,176454,7,2017/1/14
QK_VANSQUAD,170213,7,2018/1/19
CNS_CNS,50615,7,2017/1/6
Jasonaz,115550,10,2017/9/27
Espex,2639,8,2017/6/10
Yukiiie,12026,17,2017/1/30
9u4ku_DpaKoHa,57102,15,2017/10/4
dongnee,42429,9,2017/1/18
RaHun,13929,11,2017/6/12
Fiercewind,126691,1,2017/6/28
StraFFniX,47091,15,2017/2/16
LibraScorpio,111089,8,2017/4/6
highnoon,213981,14,2017/7/24
QRcode,44765,8,2017/7/16
Micolas,125309,12,2017/1/23
KrazyMaton,23532,11,2017/3/11
AnsanSniper,133186,10,2017/12/8
MMNTZ,6203,7,2017/7/12
unexpectedsalmon,17235,13,2017/5/4
hood9,49752,5,2017/7/1
dChallenger,127112,10,2017/10/27
ZULUL,627,11,2017/3/10
MEGACORE,23063,15,2018/1/21
0_-Reaper-_0,46706,4,2017/12/31
EvilGenius-,111692,24,2017/2/15
kiingslayerr,18803,6,2017/7/28
M16A4,3558,13,2017/8/29
mentalchef,94972,9,2017/4/13
clean0518,85148,4,2017/1/24
4122ks,165677,8,2017/7/14
Bubbly,213883,9,2017/7/27
EbLikwid,104128,17,2017/1/1
BuZzzzzzz,103195,7,2017/12/8
silverbs,18125,6,2017/1/31
FasTkiLLer,57275,13,2017/7/23
Yaritaiji,15663,9,2017/2/20
wanchan678,86622,15,2017/3/24
Sagak,36852,13,2017/8/9
MarIboro,28082,8,2017/2/13
KingNupChi,47827,7,2017/2/28
KoF_Arkana,162175,9,2017/6/18
sekasinn,26288,8,2017/2/12
Lenywan,172240,5,2017/4/10
wy881204,50601,22,2017/11/30
Kizzfzz,135931,7,2017/8/27
Legolas,218813,8,2017/10/22
ANDIZHU,176616,14,2017/2/27
Miracle-T,29680,6,2017/8/12
ALUS,152959,9,2017/7/10
BattleBeaverX17,22591,6,2017/6/11
PPE-998,114227,20,2017/11/2
reign_xTV,43513,11,2018/1/11
gyoli,8610,13,2017/4/17
IBcon,22499,7,2017/2/2
FairytaleOfSin,16858,11,2017/11/17
Tekaaluk,36410,6,2017/6/23
Sy-Heo,128035,14,2017/4/12
Ralfow,39068,7,2017/8/30
Deep-Bbak,142677,7,2017/11/11
Shadow-1K,36925,18,2017/4/29
Ruben_Senpai,84092,12,2017/8/15
KOR-cho,145218,7,2017/12/24
JucyA,108623,2,2017/12/12
Utada,134549,10,2017/11/9
AceAge,112581,8,2017/10/8
cVeAzreaL,13567,7,2017/10/29
Zzonzziyomi,10881,5,2017/9/8
yapyapgaesaeki,90462,6,2017/6/25
skarb,49784,11,2017/2/25
chupacabrik,132934,11,2017/7/29
Bullls,13220,7,2017/5/7
HellsCreed,46994,10,2017/9/27
Cuari,33321,9,2017/10/8
euneun,34518,10,2017/11/19
fraichecreme,92639,5,2017/9/25
Dminy,135360,6,2017/9/27
QIkaideyeye,39688,27,2017/10/26
Lev1,165743,10,2017/3/7
Malpa,16877,10,2017/2/10
Shiv,13990,18,2017/1/4
hanz1460,113461,4,2017/4/8
hitman_Go,130937,5,2017/5/31
KillerParkJh,33833,10,2018/1/4
ULT_JilTWO,126629,5,2017/8/14
BlackWolves-nl,1192,9,2017/6/6
GoodRed,10170,9,2017/9/13
Lilyy,11620,10,2017/4/20
twitch_style,69928,13,2017/12/18
Itsjustprank,65059,11,2017/4/1
Slightmares,67186,10,2017/12/16
mikezki,36817,5,2017/11/23
DDUBI,47003,8,2017/4/1
Stalker_Jw,137742,6,2017/1/12
mad76,70369,7,2017/1/28
FlabANG,16040,9,2017/6/11
Mr_KaL,3775,8,2017/1/13
KoReA-HeeDong,176145,8,2017/3/4
Interpret,473,10,2017/11/12
Ggoma_,19816,10,2017/4/16
Simolia,8479,9,2017/3/17
bongfeel,9143,8,2017/7/23
Joker0_0,91747,7,2017/1/11
AiNanasaki,203935,0,2017/6/15
UnripeBird,156075,6,2017/5/22
DraKu,206751,6,2017/8/27
CherishPark,190305,7,2017/6/12
BBUB,11306,5,2017/11/9
NickSicret,145891,8,2017/6/2
Chanyang,48264,7,2017/1/13
PGA1360,195379,11,2017/6/6
Freshn3ss,51737,11,2017/3/14
GASTBY,11770,5,2017/4/3
MY_TrapcarD,173462,11,2017/9/29
seang_goo,21577,8,2017/7/27
Atrill,25948,8,2018/1/13
MonkeyKIM,12532,13,2017/3/2
snowdevi,26571,10,2017/8/24
Savy,35543,7,2017/3/14
DrKim,145006,7,2017/4/29
96PANDA,167756,7,2017/2/7
georgecarlin,1694,12,2017/10/11
Rakabi,115244,2,2017/6/4
General_Jarya,38372,11,2017/4/6
PanDatv_699584,122663,12,2017/9/18
Run_The_Jewels2,28197,10,2017/10/3
Bobbin90,106728,14,2017/5/10
22222222,138964,9,2017/5/1
cdsanders22,13734,8,2017/9/21
3cO_YM,198371,8,2017/4/13
OnlineBoy,210353,3,2017/11/8
lolboi,7896,14,2017/1/10
HarryHook,34482,14,2017/7/23
xjstylezz,24773,8,2017/4/23
Jackftw,845,7,2017/11/8
IU_Sea,41818,6,2017/5/17
Sluffy,18735,9,2017/11/26
Increaser,2965,6,2017/10/3
gnomic,40872,7,2017/5/3
qtay,40531,12,2018/1/6
ArieHoN,148665,10,2017/7/25
yangminyong,94547,6,2017/9/24
LeeSave,21596,9,2017/7/4
50kg,109610,8,2017/7/4
GozNuK,51292,6,2017/11/2
ddaruri,11360,9,2017/12/22
Haxxxx,162977,12,2018/1/14
Malyo,214788,7,2017/9/1
hyunmine,48485,8,2018/1/19
Sumo-mandarine,27443,2,2017/1/21
xs_ph,139450,10,2017/10/3
banap,141045,11,2017/12/2
Mazer_,35485,14,2017/1/26
mini-_-,134966,9,2017/3/17
HolZura,13204,12,2017/10/7
Riiiila,23197,9,2017/12/30
DoriDorijj,16765,6,2017/7/27
jinhku,158175,7,2017/2/28
EchoSlam,62819,8,2017/1/13
risio,27030,11,2018/1/12
Assassin_DK,24067,18,2017/3/20
Iam_A_BOY_,154025,7,2017/12/30
Kolsarion,137189,10,2017/10/25
awnmum,132438,9,2017/4/30
HipsterD,156886,9,2017/11/15
ChefBoyArchee,49247,15,2017/2/21
MoonDol,9004,7,2017/3/6
soulmatePCroom,214529,8,2017/6/7
orc-hi,50956,8,2017/7/2
inFerNo96,86996,8,2017/7/21
CoolBard,121379,8,2017/9/15
Fpk100421,170831,10,2017/12/28
bloodricecake,167032,7,2017/4/12
Squ3d,14104,9,2017/2/2
Sheery,34558,11,2017/4/9
npi02,36234,7,2017/1/19
EunJu,101171,7,2017/2/8
again1203,111478,8,2017/1/21
Bershkax,188548,9,2017/5/10
KINGDDA,79466,8,2018/1/5
cachet,138133,3,2017/5/17
kawa2,28734,15,2017/2/17
Nam_ryang,82001,6,2017/2/13
DatMosin,82578,7,2017/10/3
Haggelus,61454,7,2017/3/6
Kind_woo,144806,10,2017/6/18
love1221,174546,7,2017/8/14
RicePaper,151048,6,2017/7/22
mulsori,215259,6,2017/11/6
Rat3d,17693,15,2017/11/16
De_LiVeR,118919,8,2017/6/11
teampoison,150917,8,2017/5/20
faksinsa,185183,9,2017/6/18
Alcaa,16022,9,2017/8/16
L4tios,184403,7,2017/2/27
Ranga__,19479,11,2017/11/1
RIP113,10067,17,2017/3/15
BokYeon,146848,9,2017/8/22
HEROICAGE,121820,9,2017/3/10
REALpig,132963,6,2017/12/4
wvwvwwwvwv,78127,8,2017/9/6
hehegre,214391,5,2017/9/19
pisto1,7169,7,2017/1/22
DoDive,24427,10,2017/12/14
MAMAMIMA,51824,7,2018/1/26
CompanyMan,99447,10,2017/12/13
Maplassie,141022,9,2017/2/16
liweixing,28353,12,2017/6/24
Vi1e,36667,9,2017/11/21
Zuyong2,27556,10,2017/4/24
Rocketyer,7260,8,2017/3/14
KiuKiu69,181654,13,2018/1/31
Ducksfly,192493,10,2017/6/7
Rookiest,141791,7,2017/11/2
Saori_,211860,2,2017/2/13
TEZHONGBING66,208433,7,2017/3/19
tobba,72894,15,2017/5/18
real_RUDAGA,22112,12,2018/1/14
SeumD,177078,7,2017/7/12
ImAustenK,136008,7,2017/10/6
Darkinstar,7275,3,2017/2/10
SUNGLASS,92546,11,2017/10/18
Angdoll,101760,8,2017/7/23
Yuukee,6717,7,2017/5/3
hsm070,36894,8,2017/5/22
MikeyDee,22439,5,2017/10/5
NoobRabbit,218089,13,2017/11/5
Quner,60438,7,2017/2/3
Green_Daddy,8968,19,2017/10/28
Must_yu,30682,9,2018/1/17
GguRi,182236,9,2017/2/5
Gripix-,125029,11,2017/4/15
MACABRE,17881,11,2017/11/1
nothan,155173,5,2017/4/9
Dorat,49387,7,2017/4/9
terayanful,60555,8,2017/7/12
EzSkillshot,2223,10,2017/10/14
Anakaz,24264,9,2017/5/25
Guldown,50648,15,2017/11/15
Lipeh,8824,14,2017/6/2
swiri,39605,10,2017/3/22
Iroha,125212,11,2017/12/11
Udududu,176643,6,2017/10/20
RedN3ckRampage,17503,7,2017/11/4
Vector_Master,7728,3,2017/7/20
Sodok,93241,9,2017/4/4
Seekon,140809,8,2017/8/20
hughjanus,62025,10,2017/4/6
Kakamilan,12796,3,2017/2/16
Flux_TaEmin,213634,8,2018/1/2
fighter409,207749,8,2017/4/26
ezbro1,77255,16,2017/9/25
metaxa0,7126,6,2018/1/2
Corpse0,36405,9,2017/3/16
MeTrikis,16091,23,2017/11/27
KluTOP,142603,8,2017/7/28
Pungdal,34342,9,2017/9/4
hyMIN,12349,17,2017/4/12
Naicho,24422,10,2017/5/11
Spricey,187008,9,2017/10/15
Zqtvliu,146893,10,2017/3/22
skg2012,6415,10,2017/8/17
30se100su,8631,9,2017/3/7
MandoO_,7196,3,2017/3/28
Bory_cha,105204,9,2017/6/1
Eavee,129217,6,2017/11/18
Zapis,22426,7,2017/10/24
Zunbokchi,118410,17,2017/12/21
Simcoding,110491,13,2017/3/25
PrinzKoala,176440,8,2017/2/7
FATTTT,9745,9,2017/6/25
VNatal,131914,10,2017/11/23
NORAN0201,18157,7,2017/9/24
OTOJ,214117,6,2017/12/28
TakoYama,108909,1,2018/1/30
BESTAR,12130,11,2017/5/6
Chakalbalu,27205,14,2017/4/5
chowolkiyomi,136350,13,2017/12/29
Jeju_do,202589,8,2017/3/21
CigaretteS,19536,23,2017/2/2
CarpeDi3m,163079,7,2017/8/6
Gunnar,191605,11,2017/1/18
Messatias,204445,7,2017/11/5
I-jistance,36403,4,2017/7/14
JooHot,129732,6,2017/3/7
WhereRU,39274,9,2017/3/1
horcan,8956,24,2017/10/6
SSEDA,144076,9,2017/12/29
JSon_,19026,7,2017/3/15
LazyJosh00,97698,6,2017/12/3
veterok666,111230,7,2017/7/27
Kl3ppy,31053,7,2017/11/29
Umbrella,154277,8,2017/8/5
Flying-ball,92479,7,2018/1/30
yuiTon,188552,7,2017/10/17
TTakealook,34138,9,2017/7/28
karka,204684,5,2017/8/5
KILLUASD,175629,14,2017/4/21
Pentaminum,124917,10,2017/5/4
ItsKimGG,15463,17,2017/11/14
Dallez,99126,11,2017/4/7
Gomddoni,213949,7,2017/5/1
KR_Sakun,113865,7,2018/1/24
Robble,172191,9,2017/5/9
PinoySpecial,97641,10,2017/8/10
nainty,109720,6,2017/7/26
Riichy3,48900,14,2018/1/6
O2Lollipop,218103,7,2017/6/26
secretboy,213868,6,2017/12/25
Spankenstein,205976,8,2017/1/27
Neotica,163246,14,2017/4/28
smbL,87001,8,2017/9/22
NaNi9491,33573,11,2017/7/11
NeonBox,151274,8,2017/4/28
HA-OA,124946,11,2017/3/8
Jeho_syd,167245,5,2017/1/20
re1nvent,35157,7,2017/10/29
bogrambler,83082,16,2018/1/15
GENTLEMEN,186857,8,2017/11/11
collabo,129880,10,2017/11/13
AriaDos,5727,13,2017/12/17
taisyoupants,20703,9,2017/9/27
Fzerox,52602,4,2017/5/2
FRANKSOUEL,54349,5,2017/4/26
Pandaego,5580,11,2017/6/13
TAJ_24,39097,7,2017/8/19
yaho04,50749,5,2017/7/25
SivaRoma,111067,7,2017/1/31
JiiBi,169211,9,2017/1/24
Willy_Boy,9345,6,2017/10/19
angyu0_0,47669,7,2017/4/3
SweetCitrus,46581,11,2017/10/17
Extol,14559,10,2018/1/5
PR0SPECT,12016,7,2017/12/31
Humint,7921,6,2017/2/27
GriZmatik,3800,7,2017/1/10
GonooooM,209028,3,2017/12/10
Yugaeul,29291,13,2017/5/1
History06,148139,8,2017/11/25
Intact,155089,10,2017/1/5
mylee9436,177627,10,2017/1/14
PandaTVCuoJue,49820,14,2017/5/9
GUNSOU,208567,8,2018/1/11
yourfavcolour,12614,9,2017/3/9
Leeseho,35878,8,2018/1/25
Riscx,9728,7,2017/11/28
Banshot,210392,12,2017/10/25
JINMU,183291,9,2017/11/6
nuraes2,93269,4,2018/1/15
TWnayeon,142125,10,2017/11/28
Blueb3rry,113896,6,2017/6/15
TakeOFFF,169527,8,2017/7/19
Aezoph,35378,14,2017/5/30
P_Lucy,77275,8,2017/6/29
Siral,131320,5,2017/2/23
Rojotdo,187186,8,2017/2/21
BlondieTheGood,11170,4,2017/10/15
MentalGame,120423,7,2017/12/17
Xpotion,206802,5,2017/12/6
toggle2,217085,7,2017/11/22
Sombrero,596,12,2017/8/9
Ayuzawa,47370,12,2017/11/14
madefake0502,59340,13,2017/2/26
Linksy,7647,11,2017/5/14
alteschule,10219,7,2017/8/17
Dixanity,97474,13,2017/3/25
Hayz,1066,22,2017/9/5
DD-Bomb-DD,31344,6,2017/9/13
AssaultSun,209362,7,2017/8/28
3INAh,84569,13,2017/7/23
Arrshica,80135,19,2017/8/18
LightFall,12749,2,2017/1/14
AKAPS,86707,9,2017/11/18
Kira_Kira,90778,9,2017/10/16
sKen,123719,11,2018/1/27
kimbreaker,131362,8,2017/3/15
GoodLUCK77,64242,9,2017/5/13
Z-ER0,89463,9,2017/4/30
Tarmm,13183,7,2017/5/8
hung1213,118807,10,2018/1/8
ULJINLIFE,137017,10,2018/1/21
CaiJelic,11012,8,2018/1/18
Papaflam3,4049,6,2017/8/8
RKOTT,178916,9,2017/11/29
MA-SSA,170144,8,2017/1/11
marki_hs,88842,13,2017/6/30
RWDS,51807,12,2017/6/9
heheheHELTVIK,184031,11,2017/10/22
kjabs87,38166,3,2017/7/27
Benny--,81716,8,2017/5/7
Cronado,7409,8,2017/1/5
SwiftyQue,2098,11,2017/7/29
infactx1o,166394,6,2017/2/12
Smile4u-707,131537,9,2017/3/5
n1njacatz,23316,3,2017/4/17
ArtBit,39495,8,2017/12/17
lyzer,15381,12,2017/10/24
zelgadiss,4045,11,2017/8/15
Kaestrozin,213337,4,2017/3/21
PandaTv22223,126944,16,2017/9/30
NativeCode,31692,5,2017/6/9
BBaekster,170365,7,2017/9/24
vism,72514,8,2018/1/18
AIeator,111738,8,2017/1/5
SiChuan_LaoTan,167746,7,2017/9/15
YOHANISH,205990,9,2017/10/23
Wizzite,115890,14,2017/3/26
newcho913,155028,14,2017/2/5
sectwo,99166,8,2017/8/24
ROK_ARMY,17984,7,2018/1/30
Leon_Matilda,210550,4,2017/10/19
jujubro,87678,8,2017/8/21
OutKast84,70332,8,2017/11/19
yangfeng,20855,11,2017/8/29
Mercian,28242,7,2017/5/18
PrincessEru,78437,5,2017/6/10
NEXTHYPE,19710,13,2017/2/15
Monster_Reim,26549,4,2017/9/11
stange,128896,11,2017/8/16
CakeSan,177222,11,2017/4/21
Rula,26095,7,2017/5/1
BBBT,124673,9,2017/5/17
insampokachip,158713,4,2017/5/20
OutCold,17685,8,2017/7/28
theDukey,975,6,2017/2/21
Kamkm,110839,6,2017/7/25
chaebol,19471,0,2017/2/15
adamdids,106078,18,2017/1/31
aegOGbacon,39490,5,2017/8/2
Seolun,109132,12,2017/9/11
SilencedKill,45288,8,2017/8/29
Sonny__,50470,13,2017/8/27
Rektmz,44745,8,2017/11/28
Halopai,187104,6,2017/9/20
LUXENT,8513,7,2017/2/25
DragonTANAKA,175918,7,2017/8/21
waterlife,8735,6,2017/5/4
ppjun,78826,7,2018/1/8
KPK_SOL,33203,8,2017/9/9
OWRYU,152270,10,2017/8/1
JellyBBee,136434,9,2017/8/28
Ellaw,133541,7,2018/1/19
GutsLee,207803,11,2017/12/21
0V959,195108,15,2018/1/29
Millta,179324,7,2017/10/10
teh_uNborn,23235,13,2017/3/9
Bigpai,106107,1,2017/11/29
paspana,209392,6,2017/12/10
koreaboi69,53800,9,2017/4/19
timmyZ,111712,12,2017/2/21
NzSnapShot,17718,13,2017/9/26
M24Chaffee,214593,9,2017/7/19
MOLNMAN,10079,5,2017/11/2
Nerp,4476,10,2017/10/8
Xtreme2g,110023,14,2017/2/20
USOTSUKI,44404,10,2017/9/3
uumuu,39251,5,2017/2/4
HappyCyan,12301,8,2017/1/27
bossing,164628,9,2017/7/1
FuzzyPotato_,25461,10,2017/6/12
kor8mm,216295,10,2017/4/22
h0ax_,180243,0,2017/2/3
HEEJAEGOD,19974,6,2017/2/18
sodamiso,154872,9,2017/9/13
ilike,139597,7,2017/6/21
Legend,24953,9,2017/1/13
kuaijubaowo1,62849,9,2017/1/3
Mmentos,115381,11,2017/12/7
woomy,218370,6,2017/8/29
bbubbu2,108999,8,2017/1/12
Withus,14759,5,2017/11/19
willybumbumbum,25208,10,2017/3/28
ponta0901,217411,5,2017/9/20
koblin,9989,7,2017/10/1
VICINI,182687,5,2017/6/5
im501,165038,5,2017/10/27
Riflex,185876,8,2017/7/4
Puzzle928,86181,4,2017/11/9
II05,31650,8,2017/8/7
KOR_jobo,56541,8,2017/6/9
iNsSs,15040,11,2017/11/17
NABZACKO,13188,7,2018/1/5
Xeanor,21853,6,2017/10/14
BiGBoSS3,97885,5,2017/1/6
doogooroo,177310,6,2017/6/17
MSTRBTR,92116,6,2017/11/15
HH_Ds,87235,15,2017/4/27
CaptainHnnng,1563,12,2017/12/3
LeeJH_,193528,8,2017/1/22
Chalcedony,209822,9,2017/10/25
3d4d5d6d,118789,6,2017/8/14
Rainfinite,195391,7,2018/1/6
Hamdaegil,63619,8,2017/10/26
YamatoN_jp,53811,9,2017/9/22
FEsauron,144420,2,2017/1/29
Idzume,202219,8,2017/6/26
makssl,10680,5,2017/8/12
sekwat,122636,11,2017/4/4
Ace007,146884,12,2017/5/9
Moly_Quackerel,11508,10,2017/10/22
Hooni,113698,10,2017/6/7
Thralli,187643,9,2017/7/10
gold_stitch,149154,8,2017/1/26
MostofChina,54201,21,2017/7/11
NuckFiggers333,33918,8,2017/6/11
Scheherazade,77064,8,2017/1/12
Brocopop,47929,9,2017/8/14
LeeCoder,212934,6,2017/12/27
Bighead,6112,14,2017/8/30
Seeyeuh,61781,6,2017/4/3
BearGrylls92,92964,7,2017/1/5
Grshdow,202526,8,2017/1/4
215506844SUN,54656,21,2017/8/21
kikigod,145829,6,2017/11/15
Vexyl,67289,15,2018/1/5
D3ATHY,40961,5,2017/8/2
euigon,154753,12,2018/1/9
Grandma,27476,12,2017/4/15
Thresh_,23572,10,2017/5/15
Anathema_Priest,12800,12,2017/6/16
Vortex411,32803,9,2017/5/17
Slotted,41392,17,2017/10/27
AlvinBBi,60454,8,2017/4/5
kalhon,16626,8,2017/6/3
xPocca,26470,11,2017/11/14
rampampampa,6380,17,2017/1/17
7HLrZl,29331,6,2017/10/12
Sivil,165363,13,2017/9/10
QTboy,123981,6,2017/10/18
kimcheomji,37230,8,2017/7/11
Pewdeptrai,8110,8,2017/10/9
Aiolos_mu,49818,15,2017/2/8
SilverAngry,47340,9,2018/1/7
Woongyaa,106344,6,2017/1/19
TELniA,165623,9,2017/3/1
zizonzzang,39449,4,2017/8/7
LoukaN,108093,7,2017/5/7
6dog-jang,74519,9,2017/2/2
DonFrito,29656,7,2017/7/10
iSavage,89541,16,2017/1/4
koreazero,178962,8,2017/2/12
manxs1,215420,5,2017/1/2
Warnipple,32077,7,2017/11/17
Cyanide,4216,15,2017/11/29
twitchtvCRonex33,132442,14,2017/8/12
Reppz,23250,13,2017/5/22
gsieN,127843,14,2017/1/25
SuperKoreanBILL,15994,8,2017/12/21
BenAtic,56829,9,2017/8/7
EUNBOK,139183,10,2017/3/27
sXstem,149475,6,2017/11/15
sharrle,18694,2,2017/6/29
false_alarm,23930,7,2017/9/27
HasmeLL,3589,9,2017/1/24
Antichrist_TW,14907,14,2017/5/2
Public_main,143128,9,2017/12/22
PeroPit,5776,8,2017/4/3
9090,177196,9,2018/1/5
underwood,67432,12,2017/11/7
NEvermeant,144901,0,2017/7/25
Dejavuuuuu,135404,12,2017/9/23
rnfjdehtk,65158,8,2017/12/14
El_Na,211272,7,2017/9/11
fanqie123456,194819,13,2017/7/29
Halifax,319,11,2017/2/20
ssungzzang,129711,11,2017/10/8
DAESIN,141029,9,2018/1/25
Live-GoldStar,171647,5,2017/9/20
plKzYEe,174545,9,2017/10/5
Anne,188395,7,2018/1/31
RRambo,211244,12,2017/10/16
BarbWedgie,43869,8,2017/5/18
F411en,14732,9,2017/4/18
elastiXx,32930,13,2017/5/23
Limzki,97825,8,2017/12/16
VelociVector,166838,15,2017/4/24
Jaketronic,141503,12,2017/4/25
godkuki,152431,5,2018/1/22
scarjang,172567,8,2017/8/30
believeMe_,46179,7,2017/4/25
Jetset_Mehmet,186422,10,2017/8/30
gotohawaii,31349,9,2017/7/23
busking,142136,9,2017/12/29
Dawran,213162,18,2017/10/22
Goldbeard,30852,10,2017/5/15
FredyEZ,43420,11,2017/5/20
DanielJe,132413,4,2017/11/10
L1yo,135321,9,2018/1/10
YERIM,15707,11,2017/2/8
Fiesta87,132640,7,2017/12/25
Ggong_E,208410,8,2017/10/5
wnxodid,174882,5,2018/1/16
zetNN,147216,15,2017/11/28
constantineee,97469,7,2017/3/21
good4luck,77358,9,2017/11/13
yasinbari,38199,9,2017/11/23
Svirrz,123132,6,2018/1/23
fosca,27815,10,2017/7/21
WHITESTAR_,47197,5,2017/11/9
aggjke,7777,8,2017/11/4
CiHel,159020,12,2017/10/14
Chamdom2,137718,9,2017/6/7
RIP_GRAVE,162191,11,2017/2/22
Kimsatang,208151,7,2017/1/22
TR1815,45977,6,2017/8/21
JASONWAKESURF,211915,6,2017/11/15
Pytagoras,209008,8,2018/1/2
COOLERBLASTA,141165,10,2017/2/2
akioni3,118131,11,2017/5/29
Hyperdadada,55353,12,2017/4/25
jefri_,140333,11,2017/3/4
DouYuTV-BBQ,180853,29,2017/7/19
BByong,28622,5,2017/12/3
GOD_CON,197836,7,2017/4/20
AUTOMATIC_Cis,79716,9,2017/7/19
ROKAYonG,111994,12,2017/8/10
Animelon,13394,19,2017/12/17
gkrtns2,48232,7,2017/5/28
koko-Yong,130347,7,2017/3/15
saiboT,63805,6,2018/1/22
AppleSeller,39082,6,2017/8/1
H1deP,19740,8,2017/7/14
Dejab,8555,11,2017/10/6
Ksh101191,41427,11,2017/5/16
HiRing,131243,5,2017/12/26
TRE13LA,16160,8,2017/1/4
AshKarma,36857,9,2017/3/12
VergilTan,79226,7,2017/4/15
Retta,143122,6,2017/1/13
vlknoe,207296,5,2017/10/9
Pochix3,102829,10,2017/5/15
miyoung,18493,11,2017/8/31
Makin,199630,7,2017/10/7
Joonshot,15949,6,2017/1/24
Aktm,7901,13,2017/6/7
ipreyto,32392,9,2017/11/7
ryobo,15661,8,2017/12/12
saxsaxanal,11861,8,2017/10/19
cocoonn,161771,10,2017/9/11
Kasicry,47541,8,2017/6/28
Ryuanard,8670,7,2017/1/21
FaustoCoppi,22307,13,2017/11/21
GabrielCRO,7061,13,2017/12/11
Koof,51909,9,2017/8/5
DISEQUIL,9543,7,2017/10/28
hunterico,2285,12,2017/3/13
hellandheaven,158507,6,2017/11/29
Resonation,54077,7,2017/11/23
gnomey,20563,8,2017/10/7
Keffin,16278,12,2017/2/15
kr_hot6,119458,7,2017/6/16
Tank_Rider,103334,9,2018/1/30
Imp-ReDeemer,31264,6,2017/1/4
IVIAXIMUM,159102,8,2017/12/25
SterlingArcher,149988,8,2017/3/23
ZeddSavage,46897,10,2017/11/9
Very_Bright,13209,8,2017/7/31
Kakao,29343,8,2017/9/2
OneTio,102390,11,2017/8/4
DogSeller,9754,9,2017/8/11
Fervor,169412,5,2017/12/2
MinhyunZzang,11771,16,2017/8/3
Projext9,107487,11,2017/12/8
Cryolence,428,8,2017/8/26
fringed,73065,9,2017/1/8
No1-Killer,24565,9,2017/8/27
Luiskitriski,10373,12,2017/3/22
atomicbomb-,63238,10,2017/5/8
NaMong,4399,8,2017/2/21
nicescore,15009,7,2017/4/21
HiddenMayhem,113762,11,2017/6/4
tharos,146971,10,2017/10/4
exstorm,162968,8,2017/1/7
Crumpet,5535,7,2017/7/28
CLCO,15279,10,2017/1/10
BDC-Search,169974,6,2017/5/5
Cupcat,153626,9,2017/9/26
GgonMia,22462,10,2017/10/26
Maihopawango,379,10,2017/2/19
Ferox,36582,7,2017/4/9
Shim-,61862,7,2017/4/18
Kalimdor,48609,6,2017/3/14
Jehee,3761,6,2017/8/29
Kuwaki,160285,10,2017/12/28
HSDAY,7998,8,2017/3/4
SniperSW,12260,8,2017/3/14
Duoepisode,26322,6,2017/5/19
PenultimatePain,27834,15,2017/2/2
RingKoo,169873,8,2017/3/1
grvlol,2577,7,2017/9/2
oniltuko,98731,7,2017/9/8
ykh3415,214641,8,2018/1/2
Spid0r,7658,13,2017/3/29
NEWCODE,114236,9,2017/4/9
sundarr,16251,8,2017/9/20
RumuM,14570,5,2017/3/3
Maya,7585,11,2017/4/21
FisterWorldWide,73766,21,2017/8/13
smookie,9548,16,2017/9/22
CAMEL85,205867,7,2017/7/6
SaeHyang,163041,9,2017/9/7
OKOCHAAA,182202,11,2017/1/28
Ash7777,213685,9,2017/7/19
Hanmal,35965,6,2017/7/11
Ribel,208143,9,2017/2/18
15801772763,202275,8,2017/10/1
Cinqu,60786,7,2017/7/13
CV-Hiryu,15171,10,2018/1/3
dakbal,91206,7,2017/6/16
sohotwoo,210003,9,2017/7/21
Next_2,103803,13,2017/3/25
DOUBITAO,131834,9,2017/8/31
Kuhchan,137297,9,2017/2/9
MEGAJOHNSAE,15014,9,2017/3/24
Claffey,38315,11,2017/2/24
xLaz,134183,11,2018/1/25
Kumaran,126809,10,2017/12/20
RayBaracuda,177382,10,2017/5/12
Chizzy,107710,8,2017/4/6
WeArLeSs,15233,11,2017/1/26
Abandon01,200071,6,2017/4/24
CoconutmiIk,85506,9,2017/8/21
chobo,15437,10,2017/3/27
So9ood,49191,9,2017/6/5
Bedtimemagician,206112,8,2017/6/29
M4RCOtt,16003,6,2017/3/17
prOxyQQ,13461,8,2017/4/6
Lstr-,121022,8,2017/5/14
WeEffect_DIVE,20299,0,2018/1/31
Dracaena,25847,10,2017/11/2
yoloswag4jesus,134716,11,2017/7/1
Magmil,33003,3,2017/8/5
Witfits,41269,8,2017/12/25
IAmBunik,212081,10,2017/9/18
RevenZigen,195337,8,2017/1/12
is_ripper,111257,9,2017/9/12
YeongJo,171212,11,2017/8/6
yiyibaba1219,54475,9,2017/2/9
Yunori,31352,14,2017/1/18
infy,73719,12,2017/12/13
Sea_ChicKen,209321,12,2017/11/12
Capaka,6739,9,2017/10/20
Rero,15376,8,2017/3/7
Roa0624,101236,7,2017/10/1
ColaPark,116180,13,2017/4/24
Gu_ICE,162641,11,2018/1/25
Xatsu,97784,4,2017/3/29
BOSBOSBOS,109858,5,2017/7/31
brrrrro,5661,8,2017/2/12
Nine999,11339,15,2017/1/6
Edberg,1339,9,2018/1/26
Joshua2,33957,3,2017/7/12
LSS_3Mg,123746,7,2017/8/16
ZackSwagga,107688,9,2017/9/28
NEO888,213450,10,2017/3/1
ddongjji,149537,7,2017/11/17
primeminister,82613,11,2017/10/5
iGame_NL,99383,8,2017/4/24
HelloWinning,119959,9,2017/10/8
hummingi,20964,12,2017/6/19
Zolters,113355,11,2017/8/30
kimsak,41364,6,2017/2/25
Saetama,49723,8,2017/4/15
eggemannen,25180,7,2017/6/4
Zaydas,5364,7,2017/6/19
Oooolaf,64026,6,2018/1/15
HeRoeS_PeRe,108741,7,2017/7/26
spf1994,144899,8,2017/5/9
Luccichio-San-,157445,9,2017/9/27
PapicoDAYO,137537,6,2017/6/1
yokie,98954,5,2017/5/3
Pryda88,144021,6,2017/12/27
Moreilator,1256,10,2018/1/29
HuYaTV-GuYong,29164,15,2017/10/5
WAYU_,172604,6,2017/12/3
bronzesalmon,119923,7,2017/12/5
Ace9,191538,8,2017/1/17
TAIGEN2,214415,6,2017/2/27
SkinkOlaf,14995,17,2017/4/19
TreasureGoblin1,197660,10,2017/10/15
LYB_945,144986,8,2017/6/2
GThang,39566,15,2018/1/20
GenericEric,179761,11,2017/12/11
tw-ee,212095,9,2017/3/5
honeypott,6872,5,2017/5/22
almonde,151941,10,2017/5/1
ORANGEcurut,184227,5,2017/7/3
Monkey_C,177327,9,2017/9/29
BANJOOK,169417,4,2017/8/20
NinjaPlaYboY,14123,11,2017/3/19
AltairIH,46785,12,2017/8/28
bluestwos,43712,10,2017/7/3
DDaHyoNi,18675,7,2017/3/21
BTGTB,23847,8,2017/2/13
Waikato,125951,6,2017/6/18
RammiXP,60676,6,2018/1/31
DOUBLEBULL,37301,8,2018/1/19
sjyski,145736,8,2017/8/19
Hyun,8011,7,2017/9/28
IamCY,93172,12,2017/3/6
Meiyangyang,120040,11,2017/1/1
SinSloth,214381,7,2017/12/23
NERR,44610,12,2017/2/11
CrazyMelody,163156,11,2017/12/5
LittleAgumon,46233,8,2017/6/2
Sorts_7_Man,162895,21,2017/2/23
DinnTheHuman,97491,8,2017/12/12
ASaber,112080,22,2017/11/16
fakermeme,121700,9,2018/1/24
21Sexking,214689,5,2017/12/9
Pul197,175130,11,2017/4/1
FysDog,206314,7,2017/9/14
BaejjangE,210915,8,2017/1/16
BestBuff,130023,9,2017/8/3
Ghibli,131990,6,2017/11/4
JoMG,75287,6,2018/1/3
xate,13095,17,2017/1/20
eAthing,77991,6,2017/3/4
mugetsuu,169273,9,2017/11/15
ribonucleic,2330,9,2017/5/13
Tamer-Jr,31987,14,2017/7/10
ParalyzedHorse,10610,6,2017/2/11
Cameronk,212760,13,2017/1/27
colkol,133015,8,2017/2/27
dbombers,38891,14,2017/8/15
123qwea1,215309,18,2017/6/22
hun2y2,108160,6,2017/12/13
DuelMakrsMan,110971,7,2017/2/18
Nippy,70720,14,2017/5/4
Org_Chemistry,24583,6,2017/9/2
Lusts,90580,13,2017/9/10
SvNbetweenE,156496,9,2017/4/15
m_dodo,93704,10,2017/1/17
GANGG1,7807,10,2017/8/30
Freyja_Outlaw,151059,9,2017/2/24
Matti,6162,10,2017/2/12
H_Crack,99442,10,2017/2/4
iMaSIMPLEMAN,39090,16,2017/12/13
WTM-H-NB,176910,28,2017/12/4
AntThief,144742,11,2017/4/28
Holopoint,4161,8,2017/8/2
gabae,650,10,2017/3/1
XZ-HEHE,156193,11,2017/5/20
Trevorhk26,106833,11,2017/1/25
BigGosuMan,99377,8,2017/6/21
djpernicus,512,15,2017/2/14
uvedoble,167285,6,2017/2/21
Honeyboy-,74396,6,2017/11/12
da__shi,186404,5,2017/10/29
Pakuchimiti,17852,9,2017/9/20
Umha,181469,4,2017/5/23
HaHa_z,11826,9,2017/2/20
br00d,26279,8,2017/2/4
Bateless,27317,10,2017/6/28
Adzerino,103290,7,2017/3/12
SSCVIP,188393,10,2017/10/22
Papi_G0rd0,5948,12,2017/6/14
Frorath,79709,10,2017/8/17
MH3700,30210,24,2017/1/13
Naerok2,15881,7,2017/3/17
MrJacob,10,11,2017/3/4
I-see_you,209247,8,2017/5/15
CHECKERS_,12302,11,2017/4/22
SenViL,30360,11,2017/9/24
yuck,609,10,2017/3/27
SeoNyang,170885,1,2017/7/31
SocLemon,175792,4,2017/4/18
Kirinnn,109372,9,2017/6/29
HENT1,53108,10,2017/12/20
Demikeee,127507,14,2017/10/9
MiyAong,13256,8,2017/1/10
pink-pussy,17394,5,2017/12/29
Leshracftw,192538,10,2017/12/21
SkunkMan,95001,8,2017/7/4
Doomgard,213434,8,2017/11/15
LOLvsHOS,5663,6,2017/3/20
Backtrack-,188703,9,2017/10/21
UnclD,37174,6,2017/3/28
GUKBBONGMAN,78830,9,2017/10/2
michellepq,175950,6,2017/6/14
painki11er,12246,6,2017/10/25
LSSOO,173020,5,2018/1/30
hpchpchpchpc,43892,5,2017/10/29
wooryung,157314,7,2017/3/16
Crisis_AuRa,19601,7,2017/4/13
Kimduckbae,40887,9,2017/3/27
MengGu,137996,13,2017/3/10
RLDK3,137516,4,2017/12/1
REDSUSU,207875,6,2017/7/27
HaruNet,162050,6,2017/7/25
YaSuo,113640,8,2017/10/10
qingyu111,162685,10,2017/2/13
Sunshine,187634,6,2017/4/24
orenoSR,92046,8,2017/1/21
SAJADOLL,47774,6,2017/7/18
Go_Dog,38765,11,2017/8/19
Baxic0,37868,12,2017/5/18
APHRODISIACS,153332,8,2017/12/14
BeHaVe,59711,13,2017/1/18
TinYang,111688,7,2017/11/8
noiizE,3580,11,2017/2/3
meiyoutv,20970,11,2017/9/9
M4tz,70774,12,2017/8/7
Aotuki,204299,5,2017/11/21
PandaTVfeilong,48632,10,2017/5/18
NICSE,90202,8,2017/2/23
kamikazeJIN,176502,4,2017/10/22
Andysmeatbuns,181848,7,2017/8/1
Frederiksen,210215,8,2018/1/28
HaleyKim,71617,7,2017/11/4
KimJaemin,209203,8,2018/1/14
MadnessDiablo,1088,0,2017/9/27
HIDS-JS,12333,7,2018/1/13
Last-01,120748,9,2018/1/30
Emilia-1,98465,10,2017/1/10
ssuju12,213165,5,2017/11/30
ASURA-GOD,169886,11,2017/7/2
TANX,28128,16,2017/12/22
TheBard,24892,8,2017/2/28
chassang,150249,11,2017/8/4
zel25,12507,6,2017/5/28
RenyaF,176961,6,2018/1/20
Alerud,37871,6,2017/5/8
WHAT9_GODHEAD,13284,7,2017/9/24
Crow4z,24303,7,2017/5/9
Ninja_with_no_L,13824,15,2017/7/24
Cruniel,165820,5,2017/10/15
Godori1,130651,8,2017/10/5
Rizee,131553,9,2017/2/27
OcelotX,151334,7,2017/10/28
AppleWall,215597,7,2017/9/17
SIGNITE,38504,5,2017/11/15
KnifeParty_,14621,12,2017/6/5
Win2604,67885,8,2017/9/1
Snake-Asi4n,10667,16,2017/6/30
NeverLucky__,21553,12,2017/9/25
Lohis,42588,13,2017/11/6
keedkeed,21778,11,2017/1/1
